Workbook

Sheet OCT-2026
H2: 46296 | I2: 46300 | J2: 46301 | K2: 46302 | L2: 46303 | M2: 46304 | N2: 46307 | O2: 46308 | P2: 46309 | Q2: 46310 | R2: 46311 | S2: 46314 | T2: 46316 | U2: 46317 | V2: 46318 | W2: 46321 | X2: 46322 | Z2: OCT | AA2: OCT ROI
A3: CODE | B3: NAME | C3: ID | D3: STRATEGY | E3: SEGMENT | F3: FUND | H3: THU | I3: MON | J3: TUE | K3: WED | L3: THU | M3: FRI | N3: MON | O3: TUE | P3: WED | Q3: THU | R3: FRI | S3: MON | T3: WED | U3: THU | V3: FRI | W3: MON | X3: TUE | AH3: OPT | AI3: 13780
A4: P3389 | B4: Abdul | C4: XTS09 | D4: ATR-Strangle | E4: NSEFO | F4: 0.5 | H4: -10416 | I4: 3572 | J4: 22112 | K4: 29052 | L4: 42300 | M4: 0 | N4: 20138 | O4: 2032 | P4: -4915 | Q4: 20376 | R4: -3015 | S4: -4789 | T4: 9292 | U4: -3426 | V4: 7452 | W4: -6562 | X4: -11883 | Z4: =SUM(H4:Y4) -> 111320 | AA4: =IFERROR(Z4/F4*100,0)/10000000 -> 2.2264 | AH4: FUTURE EXP | AI4: 2865
A5: P3379 | B5: DK SIR_A | C5: XTS01,ATS1530 | D5: 20_60 | E5: NSEFO | F5: 3 | H5: -37424 | I5: -168374 | J5: 205000 | K5: 94938 | L5: 96755 | M5: 117145 | N5: 267650 | O5: -166064 | P5: 20733 | Q5: -56438 | R5: 95575 | S5: 57336 | T5: 60100 | U5: -254059 | V5: 106000 | W5: -57900 | X5: -95500 | Z5: =SUM(H5:Y5) -> 285473 | AA5: =IFERROR(Z5/F5*100,0)/10000000 -> 0.95157667
A6: P3459 | B6: DK SIR_A | C6: ATS1532 | D6: new strategy_48 | E6: NSEFO | F6: 1 | H6: 61880 | I6: -64153 | J6: -20800 | K6: 50440 | L6: 44170 | M6: 56800 | N6: -10500 | O6: 68700 | P6: 47900 | Q6: 13400 | R6: 68940 | S6: 93200 | T6: 119900 | U6: -47135 | V6: -61600 | W6: -169055 | X6: 76500 | Z6: =SUM(H6:Y6) -> 328587 | AA6: =IFERROR(Z6/F6*100,0)/10000000 -> 3.28587
A7: P3166 | B7: Aman Dohre | C7: XTS03 | D7: MACD/Direction | E7: STOCK OP | F7: 3 | H7: -136000 | I7: 118000 | J7: -49000 | K7: -140210 | L7: -117400 | M7: 124400 | N7: -116400 | O7: 190500 | P7: 114600 | Q7: 6628 | R7: -95555 | S7: 71500 | T7: -11104 | U7: -22819 | V7: -37900 | W7: 92400 | X7: 121200 | Z7: =SUM(H7:Y7) -> 112840 | AA7: =IFERROR(Z7/F7*100,0)/10000000 -> 0.37613333 | AD7: -17173
A8: P3390 | B8: Aman Dohre | C8: XTS34 | D8: NSE FO | E8: NSEFO | F8: 1.5 | H8: 19390 | I8: 50890 | J8: 19770 | K8: 18290 | L8: 11000 | M8: 31390 | N8: 27600 | O8: 18375 | P8: -2657 | Q8: 70564 | R8: 36368 | S8: -78711 | T8: 84000 | U8: -33919 | V8: 0 | W8: -16364 | X8: 10700 | Z8: =SUM(H8:Y8) -> 266686 | AA8: =IFERROR(Z8/F8*100,0)/10000000 -> 1.7779067 | AC8: 244627
A9: P3390_1 | B9: Aman Dohre | C9: ATS1507 | D9: NSE FO | F9: 0.6 | H9: 14700 | I9: 31300 | J9: -8734 | K9: 4948 | L9: 25000 | M9: 11000 | N9: -22490 | O9: 34300 | P9: -22700 | Q9: 29000 | R9: 10900 | S9: 60900 | T9: 99900 | U9: -105197 | V9: 0 | W9: 50600 | X9: 62800 | Z9: =SUM(H9:Y9) -> 276227 | AA9: =IFERROR(Z9/F9*100,0)/10000000 -> 4.6037833 | AC9: 229732 | AD9: =(AC9+AC8)/10000000*13780 -> 653.6667
A10: P3117 | B10: Ansh Aggarwal | C10: ATS_1007 | D10: Falcon | E10: NSEFO | F10: 15 | H10: 35250 | I10: -205500 | J10: 0 | K10: 13730 | L10: 0 | M10: 4400 | N10: -66300 | O10: 316800 | P10: 0 | Q10: -235700 | R10: 1160 | S10: 47501 | T10: 1280 | U10: 0 | V10: 0 | W10: 0 | X10: 0 | Z10: =SUM(H10:Y10) -> -87379 | AA10: =IFERROR(Z10/F10*100,0)/10000000 -> -0.058252667
A11: P3323_1 | B11: Amit&Kartik | C11: XTS35 | D11: Strangle/Spread | E11: NSEFO | F11: 6 | H11: 0 | I11: 331 | J11: 170100 | K11: 0 | L11: 55700 | M11: 0 | N11: 16000 | O11: 266734 | P11: 0 | Q11: 102848 | R11: 32041 | S11: -270400 | T11: 0 | U11: 0 | V11: 0 | W11: 12420 | X11: -114575 | Z11: =SUM(H11:Y11) -> 271199 | AA11: =IFERROR(Z11/F11*100,0)/10000000 -> 0.45199833
A12: P2827 | B12: Bharat | C12: UT | D12: ETF | E12: CASH | F12: 1 | H12: -1852 | I12: 1200 | J12: 330 | K12: -1616 | L12: -2953 | M12: 3600 | N12: -1450 | O12: 1122 | P12: -2961 | Q12: -100 | R12: 2072 | S12: -1965 | T12: -3031 | U12: -2466 | V12: -3576 | W12: 1111 | X12: -413 | Z12: =SUM(H12:Y12) -> -12948 | AA12: =IFERROR(Z12/F12*100,0)/10000000 -> -0.12948
A13: P3090 | B13: Bharat | C13: XTS04 | D13: STRADDLE | E13: NSEFO | F13: 2.5 | H13: 28670 | I13: -2070 | J13: 41753 | K13: 0 | L13: 22700 | M13: 25100 | N13: 19400 | O13: 33540 | P13: -4729 | Q13: -9088 | R13: -39105 | S13: -15290 | T13: 30473 | U13: -8452 | V13: 24090 | W13: -40457 | X13: -15543 | Z13: =SUM(H13:Y13) -> 90992 | AA13: =IFERROR(Z13/F13*100,0)/10000000 -> 0.363968
A14: P2954 | B14: Yogesh | C14: XTS39 | D14: STRADDLE | E14: NSEFO | F14: 2.2 | H14: 34712 | I14: -291 | J14: 43482 | K14: 0 | L14: 30900 | M14: 22730 | N14: 14168 | O14: 37416 | P14: 2460 | Q14: -9798 | R14: -48238 | S14: -9374 | T14: 27044 | U14: 0 | V14: 31125 | W14: -37218 | X14: -17800 | Z14: =SUM(H14:Y14) -> 121318 | AA14: =IFERROR(Z14/F14*100,0)/10000000 -> 0.55144545 | AD14: =AD7-AD9 -> -17826.667 | AG14: -13200 | AI14: =AG14+AD14 -> -31026.667
A15: P3079 | B15: Yogesh | C15: UT | D15: ETF | E15: CASH | F15: 1 | H15: -10000 | I15: 10800 | J15: 19700 | K15: -6218 | L15: -30200 | M15: 20000 | N15: -2965 | O15: 17000 | P15: -1624 | Q15: -6519 | R15: 14300 | S15: -13384 | T15: -19818 | U15: -12160 | V15: -27445 | W15: 17900 | X15: 17130 | Z15: =SUM(H15:Y15) -> -13503 | AA15: =IFERROR(Z15/F15*100,0)/10000000 -> -0.13503
A16: P2817 | B16: DK Sir_M | C16: S1504 | D16: Maximum | E16: NSEFO | F16: 2.5 | H16: 0 | I16: -38551 | J16: 0 | K16: 0 | L16: 0 | M16: -43080 | N16: 49165 | O16: 42400 | P16: -41370 | Q16: 45200 | R16: 62711 | S16: 230600 | T16: 289570 | U16: -248047 | V16: 50000 | W16: 30270 | X16: 157200 | Z16: =SUM(H16:Y16) -> 586068 | AA16: =IFERROR(Z16/F16*100,0)/10000000 -> 2.344272 | AI16: 4000000 | AJ16: =AI16*7/100 -> 280000 | AL16: =15*12 -> 180
A17: P2792 | B17: DK Sir_T | C17: S1502 | D17: ThanosNF | E17: NSEFO | F17: 4 | H17: 0 | I17: -34123 | J17: 0 | K17: 0 | L17: 0 | M17: 34600 | N17: 25724 | O17: 70400 | P17: -85300 | Q17: 38300 | R17: 33838 | S17: 157000 | T17: 259384 | U17: -340399 | V17: 410000 | W17: 168000 | X17: -171000 | Z17: =SUM(H17:Y17) -> 566424 | AA17: =IFERROR(Z17/F17*100,0)/10000000 -> 1.41606 | AJ17: =AJ16/12 -> 23333.333
A18: P3311 | B18: Himansu Pal | C18: ATS_1510 | D18: Directional | E18: NSEFO | F18: 1.5 | H18: 81300 | I18: -101486 | J18: 65000 | K18: -95099 | L18: 141000 | M18: 136800 | N18: 86900 | O18: 29900 | P18: -50000 | Q18: 156158 | R18: 31800 | S18: 17210 | T18: 109500 | U18: -42447 | V18: 113500 | W18: 39300 | X18: 32700 | Z18: =SUM(H18:Y18) -> 752036 | AA18: =IFERROR(Z18/F18*100,0)/10000000 -> 5.0135733
A19: P3181 | B19: Harshit | C19: XTS32 | D19: SELF | E19: NSEFO | F19: 1.1 | H19: -67291 | I19: -83397 | J19: 0 | K19: 0 | L19: 0 | M19: 0 | N19: 0 | O19: 0 | P19: 0 | Q19: 0 | R19: 0 | S19: 0 | T19: 0 | U19: 0 | V19: 0 | W19: 0 | X19: 0 | Z19: =SUM(H19:Y19) -> -150688 | AA19: =IFERROR(Z19/F19*100,0)/10000000 -> -1.3698909 | AE19: 54000
A20: P3400 | B20: Aman sharma | C20: XTS37 | D20: SELF | E20: NSEFO | F20: 0.25 | H20: -26528 | I20: -45096 | J20: -3830 | K20: 7212 | L20: -17400 | M20: -10893 | N20: -5900 | O20: -5537 | P20: 0 | Q20: 0 | R20: 0 | S20: 0 | T20: 0 | U20: -3000 | V20: 0 | W20: 0 | X20: 140 | Z20: =SUM(H20:Y20) -> -110832 | AA20: =IFERROR(Z20/F20*100,0)/10000000 -> -4.43328 | AE20: 11100
A21: P3091 | B21: Hardik | C21: XTS010 | D21: SELF | E21: NSEFO | F21: 2 | H21: 0 | I21: 0 | J21: 0 | K21: 0 | L21: 0 | M21: 0 | N21: 0 | O21: 0 | P21: 0 | Q21: 0 | R21: 0 | S21: 0 | T21: 0 | U21: 0 | V21: 0 | W21: 0 | Z21: =SUM(H21:Y21) -> 0 | AA21: =IFERROR(Z21/F21*100,0)/10000000 -> 0 | AE21: 0
A22: P3408 | B22: Hardik | C22: XTS20 | D22: SELF | E22: NSEFO | F22: 0.25 | H22: 0 | I22: 0 | J22: 0 | K22: 0 | L22: 0 | M22: 0 | N22: 0 | O22: 0 | P22: 0 | Q22: 0 | R22: 0 | S22: 0 | T22: 0 | U22: 0 | V22: 0 | W22: 0 | X22: 0 | Z22: =SUM(H22:Y22) -> 0 | AA22: =IFERROR(Z22/F22*100,0)/10000000 -> 0 | AE22: =SUM(AE19:AE21) -> 65100
A23: P3109 | B23: Jyoti Prakesh | C23: XTS30 | D23: Straddle | E23: NSEFO | F23: 1.1 | H23: -20520 | I23: -29845 | J23: 39988 | K23: 38700 | L23: -1623 | M23: 561 | N23: -32723 | O23: -7059 | P23: 28800 | Q23: -13000 | R23: 12772 | S23: -40307 | T23: -21044 | U23: -30404 | V23: -200 | W23: 54387 | X23: -5748 | Z23: =SUM(H23:Y23) -> -27265 | AA23: =IFERROR(Z23/F23*100,0)/10000000 -> -0.24786364
A24: P3146 | B24: Jinesh Jain | C24: CQS5 | D24: CASH | E24: CASH | F24: 2.3 | H24: -164650 | I24: 85700 | J24: 145750 | K24: -128600 | L24: -381800 | M24: 239700 | N24: -28900 | O24: 226700 | P24: 14473 | Q24: -30980 | R24: 18400 | S24: -154667 | T24: -213001 | U24: -102504 | V24: -303200 | W24: 77900 | X24: 133200 | Z24: =SUM(H24:Y24) -> -566479 | AA24: =IFERROR(Z24/F24*100,0)/10000000 -> -2.4629522
A25: P3244 | B25: Jinesh Jain | C25: XTS41 | D25: Stock fo | F25: 0.2 | N25: -300 | O25: 58100 | P25: 10600 | Q25: -13826 | R25: -10395 | S25: -4185 | T25: 15180 | U25: -12503 | V25: -13000 | W25: 71400 | X25: 87920 | Z25: =SUM(H25:Y25) -> 188991 | AA25: =IFERROR(Z25/F25*100,0)/10000000 -> 9.44955
A26: P3434 | B26: Kapil Kumar | C26: ATS_1529 | E26: NSEFO | F26: 0.5 | H26: 12250 | I26: 3476 | J26: -13000 | K26: -2835 | L26: 10900 | M26: -200 | N26: 6366 | O26: 4942 | P26: -7150 | Q26: 1600 | R26: -19506 | S26: -11119 | T26: 462 | U26: -9552 | V26: -4293 | W26: -18145 | X26: 14000 | Z26: =SUM(H26:Y26) -> -31804 | AA26: =IFERROR(Z26/F26*100,0)/10000000 -> -0.63608
A27: P2105 | B27: Kamlesh | C27: S1501 | D27: Wanda | E27: NSEFO | F27: 5 | H27: 0 | I27: -116700 | J27: 1100 | K27: 0 | L27: 0 | M27: -25000 | N27: 65100 | O27: 45700 | P27: -133000 | Q27: 130000 | R27: 140100 | S27: 103000 | T27: 926000 | U27: 66500 | V27: 691000 | W27: 397000 | X27: -482000 | Z27: =SUM(H27:Y27) -> 1808800 | AA27: =IFERROR(Z27/F27*100,0)/10000000 -> 3.6176
A28: P3024 | B28: Kartaram | C28: ATS_1005 | D28: Spider 2.0 | E28: NSEFO | F28: 10 | H28: 98800 | I28: 0 | J28: 11535 | K28: 302380 | L28: 55800 | M28: 16200 | N28: -40416 | O28: 137300 | P28: 583300 | Q28: 11260 | R28: 40700 | S28: -648400 | T28: -178800 | U28: -1068 | V28: 0 | W28: -162700 | X28: 0 | Z28: =SUM(H28:Y28) -> 225891 | AA28: =IFERROR(Z28/F28*100,0)/10000000 -> 0.225891
A29: P3446 | B29: Gargi Bharti | C29: ATS_1511 | E29: NSEFO | F29: 0.5 | I29: 3624 | J29: 14752 | K29: -6445 | L29: 7920 | M29: 6919 | N29: 20700 | O29: -10961 | P29: -11200 | Q29: 18300 | R29: 30700 | S29: -27300 | T29: 37000 | U29: -45489 | V29: -13700 | W29: -28900 | X29: 32266 | Z29: =SUM(H29:Y29) -> 28186 | AA29: =IFERROR(Z29/F29*100,0)/10000000 -> 0.56372
A30: P3202 | B30: Gagandeep | C30: XTS12 | D30: SELF | E30: NSEFO | F30: 5 | H30: 90508 | I30: 0 | J30: 310622 | K30: 0 | L30: 155700 | M30: 0 | N30: 0 | O30: 226901 | P30: 0 | Q30: -161746 | R30: 0 | S30: 219189 | T30: 0 | U30: 0 | V30: 0 | W30: 0 | X30: 0 | Z30: =SUM(H30:Y30) -> 841174 | AA30: =IFERROR(Z30/F30*100,0)/10000000 -> 1.682348
A31: P3020 | B31: Mahavir Jindal | C31: XTS02 | D31: SELF | E31: NSEFO | F31: 5 | H31: 115180 | I31: -225930 | J31: 0 | K31: 2600 | L31: 44000 | M31: 39485 | N31: 19560 | O31: 38370 | P31: 10450 | Q31: 59316 | R31: 37102 | S31: 0 | T31: 0 | U31: 0 | V31: 0 | W31: 0 | X31: 0 | Z31: =SUM(H31:Y31) -> 140133 | AA31: =IFERROR(Z31/F31*100,0)/10000000 -> 0.280266
A32: P3341 | B32: Maneesh Yadav | C32: XTS18 | D32: Theta Dominance | E32: NSEFO | F32: 0.5 | H32: -51008 | I32: 13880 | J32: 48621 | K32: -7694 | L32: 34100 | M32: 19000 | N32: 20700 | O32: 12614 | P32: 7400 | Q32: 19095 | R32: 22950 | S32: -78603 | T32: 99571 | U32: -52226 | V32: -43208 | W32: 4974 | X32: -27000 | Z32: =SUM(H32:Y32) -> 43166 | AA32: =IFERROR(Z32/F32*100,0)/10000000 -> 0.86332
A33: P2971_2 | B33: Neeraj Garg | C33: S1514 | D33: ACE1 | E33: NSEFO | F33: 0.4 | H33: 9270 | I33: 28255 | J33: 42650 | K33: 1293 | L33: 33700 | M33: 17495 | N33: 35813 | O33: 26000 | P33: -45331 | Q33: 21700 | R33: 30400 | S33: 39761 | T33: 34200 | U33: -6364 | V33: 33000 | W33: 38495 | X33: 3700 | Z33: =SUM(H33:Y33) -> 344037 | AA33: =IFERROR(Z33/F33*100,0)/10000000 -> 8.600925
A34: P3070 | B34: Prateek | C34: ATS_1504 | D34: Smart Strangle | E34: NSEFO | F34: 4 | H34: -91628 | I34: -39194 | J34: 81490 | K34: -98197 | L34: 149600 | M34: 77460 | N34: 85200 | O34: -20461 | P34: -170280 | Q34: 243315 | R34: -53800 | S34: 50100 | T34: 139300 | U34: -42000 | V34: 44000 | W34: 16600 | X34: -60500 | Z34: =SUM(H34:Y34) -> 311005 | AA34: =IFERROR(Z34/F34*100,0)/10000000 -> 0.7775125 | AD34: 46634
A35: P2999 | B35: Prateek | C35: ATS_1519 | D35: ETF | E35: ETF | F35: 1 | H35: -49178 | I35: 20700 | J35: 51300 | K35: -13148 | L35: -107400 | M35: 56914 | N35: 10400 | O35: 51221 | P35: -5394 | Q35: -35576 | R35: 26400 | S35: -56804 | T35: 69566 | U35: -45990 | V35: -111976 | W35: 41600 | X35: 60600 | Z35: =SUM(H35:Y35) -> -36765 | AA35: =IFERROR(Z35/F35*100,0)/10000000 -> -0.36765
A36: P3000 | B36: Prateek | C36: XTS19 | D36: NSEFO | E36: NSEFO | H36: 0 | I36: 0 | J36: 0 | K36: 0 | L36: 0 | M36: 0 | N36: 0 | O36: 0 | P36: 0 | Q36: 0 | R36: 0 | S36: 0 | T36: 0 | U36: 0 | V36: 0 | W36: 0 | X36: 0 | Z36: =SUM(H36:Y36) -> 0 | AA36: =IFERROR(Z36/F36*100,0)/10000000 -> 0 | AC36: 233083 | AD36: =(AC37+AC36)/10000000*13780 -> 706.6384
A37: P3186 | B37: Prateek | C37: XTS17 | D37: Opton | E37: NSEFO | F37: 0.5 | H37: 3712 | I37: -16258 | J37: 19175 | K37: -15524 | L37: 23400 | M37: 0 | N37: 15668 | O37: 5849 | P37: -37180 | Q37: -26608 | R37: 192 | S37: -5600 | T37: 12700 | U37: -1126 | V37: 3835 | W37: -6562 | X37: -17725 | Z37: =SUM(H37:Y37) -> -42052 | AA37: =IFERROR(Z37/F37*100,0)/10000000 -> -0.84104 | AC37: 279717
A38: P3135 | B38: Piyush Singhal | C38: ATS_1509 | D38: Directional strangle | E38: NSEFO | F38: 3 | H38: 158900 | I38: -331500 | J38: 276700 | K38: 79524 | L38: -8546 | M38: -110144 | N38: 341200 | O38: -109461 | P38: 59000 | Q38: 303000 | R38: -11174 | S38: 223000 | T38: 496500 | U38: -376400 | V38: -42428 | W38: -219600 | X38: -306450 | Z38: =SUM(H38:Y38) -> 422121 | AA38: =IFERROR(Z38/F38*100,0)/10000000 -> 1.40707 | AD38: =+AD34-AD36 -> 45927.362
A39: P3152 | B39: Rashil Khetan | C39: XTS29 | E39: NSEFO | F39: 0.1 | H39: 18070 | I39: 15000 | J39: -7417 | K39: -19285 | L39: 59000 | M39: 19459 | N39: -17325 | O39: 62950 | P39: -33154 | Q39: -64866 | R39: -72104 | S39: 32900 | T39: -13561 | U39: -68770 | V39: 1089 | W39: 15022 | X39: -118577 | Z39: =SUM(H39:Y39) -> -191569 | AA39: =IFERROR(Z39/F39*100,0)/10000000 -> -19.1569
A40: P3342 | B40: Raghav Tuli | C40: ATS1526 | D40: Flaxi trade | E40: NSEFO | F40: 0.5 | H40: 0 | I40: 7600 | J40: 12200 | K40: -16500 | L40: 26900 | M40: 12000 | N40: 0 | O40: -11341 | P40: -18160 | Q40: 12680 | R40: 1932 | S40: 0 | T40: 28200 | U40: -3870 | V40: 16400 | W40: 12700 | X40: -5383 | Z40: =SUM(H40:Y40) -> 75358 | AA40: =IFERROR(Z40/F40*100,0)/10000000 -> 1.50716
A41: P3082 | B41: Ramakar Jha | C41: ATS_1503 | D41: CASH | E41: CASH | F41: 1 | H41: -219160 | I41: -41680 | J41: 174856 | K41: -85245 | L41: -484000 | M41: -52500 | N41: 107800 | O41: -65513 | P41: 139726 | Q41: -435700 | R41: 60000 | S41: -71974 | T41: 3429 | U41: -106396 | V41: -6386 | W41: 119000 | X41: 216130 | Z41: =SUM(H41:Y41) -> -747613 | AA41: =IFERROR(Z41/F41*100,0)/10000000 -> -7.47613
A42: P3058 | B42: Ramakar Jha | C42: ATS_1513 | D42: Stock fo | E42: NSEFO | F42: 0.5 | O42: 195644 | P42: 33100 | Q42: 46908 | R42: 136800 | S42: -41019 | T42: -6901 | U42: 19158 | V42: -23900 | W42: 136200 | X42: 51600 | Z42: =SUM(H42:Y42) -> 547590 | AA42: =IFERROR(Z42/F42*100,0)/10000000 -> 10.9518
A43: P3433 | B43: Sanchit | C43: ATS_1528 | E43: NSEFO | F43: 0.5 | H43: 34200 | I43: -23073 | J43: -6862 | K43: -21500 | L43: 18000 | M43: 3517 | N43: 4914 | O43: -17046 | P43: -24153 | Q43: 200 | R43: -1908 | S43: 14500 | T43: 31000 | U43: -57646 | V43: -5756 | W43: 18400 | X43: 2428 | Z43: =SUM(H43:Y43) -> -30785 | AA43: =IFERROR(Z43/F43*100,0)/10000000 -> -0.6157
A44: P3208 | B44: Sajal Sharma | C44: Odin | D44: BSEFO | E44: BSEFO | F44: 4 | H44: 2920 | I44: 0 | J44: 0 | K44: 0 | L44: 52100 | M44: 0 | N44: 0 | O44: 0 | P44: -22700 | Q44: 80000 | R44: 0 | S44: 0 | T44: 0 | U44: -32110 | V44: 0 | W44: 0 | X44: 5500 | Z44: =SUM(H44:Y44) -> 85710 | AA44: =IFERROR(Z44/F44*100,0)/10000000 -> 0.214275
A45: P3119 | B45: Sajal Sharma | C45: Odin | D45: NSE FO | E45: NSEFO | F45: 4 | H45: 0 | I45: -20000 | J45: 60600 | K45: 0 | L45: 0 | M45: -1200 | N45: 19500 | O45: 105800 | P45: 0 | Q45: 0 | R45: 3058 | S45: -116345 | T45: 0 | U45: 0 | V45: -3152 | W45: -39900 | X45: 196500 | Z45: =SUM(H45:Y45) -> 204861 | AA45: =IFERROR(Z45/F45*100,0)/10000000 -> 0.5121525
A46: P3048 | B46: Shahid | C46: XTS05 | D46: Shahid | E46: NSEFO | F46: 3 | H46: 174105 | I46: -313641 | J46: 307794 | K46: -135130 | L46: 290000 | M46: 102008 | N46: 0 | O46: 355800 | P46: -214711 | Q46: 235920 | R46: 96778 | S46: 206116 | T46: 0 | U46: 0 | V46: 0 | W46: 0 | X46: 0 | Z46: =SUM(H46:Y46) -> 1105039 | AA46: =IFERROR(Z46/F46*100,0)/10000000 -> 3.6834633
A47: P3417 | B47: Sourav | C47: XTS38/ATS | E47: NSEFO | F47: 10 | H47: -214000 | I47: 19600 | J47: 338000 | K47: 63150 | L47: -461500 | M47: -70400 | N47: -233800 | O47: -479300 | P47: -344800 | Q47: -341300 | R47: 390000 | S47: -749200 | T47: -574170 | U47: -235720 | V47: -57500 | W47: -181800 | X47: 174900 | Z47: =SUM(H47:Y47) -> -2957840 | AA47: =IFERROR(Z47/F47*100,0)/10000000 -> -2.95784
A48: P3360 | B48: Vidhya sagar | C48: XTS07 | D48: Straddle Short | E48: NSEFO | F48: 0.5 | H48: 21524 | I48: -10951 | J48: 24836 | K48: 30076 | L48: -25200 | M48: 0 | N48: 8261 | O48: 0 | P48: 22914 | Q48: -7848 | R48: 876 | S48: 0 | T48: -15000 | U48: -33956 | V48: 0 | W48: 45927 | X48: 0 | Z48: =SUM(H48:Y48) -> 61459 | AA48: =IFERROR(Z48/F48*100,0)/10000000 -> 1.22918
A49: P3385 | B49: Vikas Gupta | C49: XTS13 | D49: Vikas Gupta | E49: NSEFO | F49: 6.5 | H49: 138096 | I49: 0 | J49: 168400 | K49: 0 | L49: 53400 | M49: 0 | N49: 0 | O49: 1127 | P49: 0 | Q49: 57280 | R49: 0 | S49: -48660 | T49: 0 | U49: 0 | V49: 0 | W49: 0 | X49: 0 | Z49: =SUM(H49:Y49) -> 369643 | AA49: =IFERROR(Z49/F49*100,0)/10000000 -> 0.56868154
A50: P3386 | B50: Vikas Gupta | C50: XTS15 | D50: Vikas Gupta | E50: NSEFO | F50: 1.25 | H50: 0 | I50: 0 | J50: 0 | K50: 0 | L50: 0 | M50: 0 | N50: 0 | O50: 0 | P50: 0 | Q50: 0 | R50: 0 | S50: 0 | T50: 0 | U50: 0 | V50: 0 | W50: 0 | X50: 0 | Z50: =SUM(H50:Y50) -> 0 | AA50: =IFERROR(Z50/F50*100,0)/10000000 -> 0
A51: P3110 | B51: Varun tondan | C51: XTS36 | D51: Varun tondan | E51: NSEFO | F51: 3 | H51: 12470 | I51: 0 | J51: 43650 | K51: 0 | L51: 96100 | M51: 5967 | N51: -43200 | O51: 63560 | P51: 0 | Q51: 106000 | R51: 0 | S51: 27140 | T51: 0 | U51: 0 | V51: 0 | W51: 0 | X51: 0 | Z51: =SUM(H51:Y51) -> 311687 | AA51: =IFERROR(Z51/F51*100,0)/10000000 -> 1.0389567
A52: P3445 | B52: Umesh Sukija | C52: XTS22 | D52: Umesh Sukija | E52: NSEFO | F52: 1 | H52: 0 | I52: 50 | J52: 0 | K52: 520 | L52: -800 | M52: 280 | N52: 1150 | O52: 0 | P52: 595 | Q52: 2800 | R52: -3721 | S52: 13135 | T52: 4335 | U52: -710 | V52: 0 | W52: 13000 | X52: 21100 | Z52: =SUM(H52:Y52) -> 51734 | AA52: =IFERROR(Z52/F52*100,0)/10000000 -> 0.51734
A53: P3415 | B53: Umesh Sukija | C53: XTS40 | D53: Umesh Sukija | E53: NSEFO | F53: 10 | H53: -28000 | I53: 6932 | J53: 104715 | K53: 17309 | L53: 26900 | M53: -5815 | N53: 246900 | O53: 143900 | P53: -13385 | Q53: 117000 | R53: -16377 | S53: 165250 | T53: 23800 | U53: 8960 | V53: -11500 | W53: 94734 | X53: 186200 | Z53: =SUM(H53:Y53) -> 1067523 | AA53: =IFERROR(Z53/F53*100,0)/10000000 -> 1.067523
H54: =SUM(H4:H53) -> 38252 | I54: =SUM(I4:I53) -> -1490903 | J54: =SUM(J4:J53) -> 2756338 | K54: =SUM(K4:K53) -> -39084 | L54: =SUM(L4:L53) -> -31777 | M54: =SUM(M4:M53) -> 885698 | N54: =SUM(N4:N53) -> 913308 | O54: =SUM(O4:O53) -> 1998954 | ... Y54: =SUM(Y4:Y53) -> 0 | Z54: =SUM(H54:Y54) -> 6995756 | AA54: =IFERROR(Z54/F54*100,0)/10000000 -> 0
A56: P3361 | B56: Nishaanth | C56: ATS | D56: self | E56: NSEFO | F56: 3 | H56: 5771 | I56: -30800 | J56: 160555 | K56: 15600 | L56: 149000 | M56: 2277 | N56: -50 | O56: -153500 | P56: -608 | Q56: -184264 | R56: 789 | S56: 34900 | T56: 0 | U56: 28400 | V56: 550 | W56: 0 | X56: 509300 | Z56: =SUM(H56:Y56) -> 537920 | AA56: =IFERROR(Z56/F56*100,0)/10000000 -> 1.7930667
A57: P3354 | B57: Sahil Rathore | C57: ATS | D57: self | E57: NSEFO | H57: 0 | I57: -51000 | J57: 149000 | K57: 0 | L57: 0 | M57: -11300 | N57: 0 | O57: -305165 | P57: 0 | Q57: 0 | R57: 0 | S57: -19129 | T57: 0 | U57: 0 | V57: 0 | W57: 24300 | X57: 187300 | Z57: =SUM(H57:Y57) -> -25994 | AA57: =IFERROR(Z57/F57*100,0)/10000000 -> 0
B58: Prateek Amardev | C58: ATS | D58: self | E58: NSEFO | S58: 0 | T58: 0 | U58: 0 | V58: 0 | W58: 0 | X58: 0 | Z58: =SUM(H58:Y58) -> 0
A59: P3159 | B59: Arti Bisht | C59: ATS | D59: self | E59: NSEFO | S59: -58780 | T59: 40700 | U59: -150481 | V59: 3939 | W59: 1600 | X59: 204500 | Z59: =SUM(H59:Y59) -> 41478
H60: =SUM(H56:H57) -> 5771 | I60: =SUM(I56:I57) -> -81800 | J60: =SUM(J56:J57) -> 309555 | K60: =SUM(K56:K57) -> 15600 | L60: =SUM(L56:L57) -> 149000 | M60: =SUM(M56:M57) -> -9023 | N60: =SUM(N56:N57) -> -50 | O60: =SUM(O56:O57) -> -458665 | ... S60: =SUM(S56:S57) -> 15771 | T60: =SUM(T56:T59) -> 40700 | U60: =SUM(U56:U59) -> -122081 | V60: =SUM(V56:V59) -> 4489 | W60: =SUM(W56:W59) -> 25900 | X60: =SUM(X56:X59) -> 901100 | Y60: =SUM(Y56:Y57) -> 0 | Z60: =SUM(H60:Y60) -> 612184

Sheet FY-(26-27)Q3
G2: OCT | H2: OCT ROI | I2: NOV | J2: NOV ROI | K2: DEC | L2: DEC ROI | M2: Q 3 | N2: ROI Q3
A3: CODE | B3: NAME | C3: ID | D3: STRATEGY | E3: SEGMENT | F3: FUND(CR)
A4: P3389 | B4: Abdul | C4: XTS09 | D4: ATR-Strangle | E4: NSEFO | F4: 0.5 | G4: =IFERROR(VLOOKUP($A$3:$A$116,'OCT-2026'!$A$4:$ADI$120,MATCH('FY-(26-27)Q3'!$G$2:$H$2,'OCT-2026'!$A$2:$DJ$2,0),0),0) -> 111320 | H4: =IFERROR(VLOOKUP($A$3:$A$116,'OCT-2026'!$A$4:$ADI$120,MATCH('FY-(26-27)Q3'!$G$2:$H$2,'OCT-2026'!$A$2:$DJ$2,0),0),0) -> 2.2264 | I4: =IFERROR(VLOOKUP($A$3:$A$116,'[1]NOV-2026'!$A$4:$ADL$124,MATCH('FY-(26-27)Q3'!$I$2:$J$2,'[1]NOV-2026'!$A$2:$DM$2,0),0),0) -> 0 | J4: =IFERROR(VLOOKUP($A$3:$A$116,'[1]NOV-2026'!$A$4:$ADL$124,MATCH('FY-(26-27)Q3'!$I$2:$J$2,'[1]NOV-2026'!$A$2:$DM$2,0),0),0) -> 0 | K4: =IFERROR(VLOOKUP($A$3:$A$116,'[2]DEC-2026'!$A$4:$AEE$125,MATCH('FY-(26-27)Q3'!$K$2:$L$2,'[2]DEC-2026'!$A$2:$EF$2,0),0),0) -> 0 | L4: =IFERROR(VLOOKUP($A$3:$A$116,'[2]DEC-2026'!$A$4:$AEE$125,MATCH('FY-(26-27)Q3'!$K$2:$L$2,'[2]DEC-2026'!$A$2:$EF$2,0),0),0) -> 0 | M4: =G4+I4+K4 -> 111320 | N4: =H4+J4+L4 -> 2.2264
A5: P3379 | B5: DK SIR_A | C5: XTS01,ATS1530 | D5: 20_60 | E5: NSEFO | F5: 3.5 | G5: =IFERROR(VLOOKUP($A$3:$A$116,'OCT-2026'!$A$4:$ADI$120,MATCH('FY-(26-27)Q3'!$G$2:$H$2,'OCT-2026'!$A$2:$DJ$2,0),0),0) -> 285473 | H5: =IFERROR(VLOOKUP($A$3:$A$116,'OCT-2026'!$A$4:$ADI$120,MATCH('FY-(26-27)Q3'!$G$2:$H$2,'OCT-2026'!$A$2:$DJ$2,0),0),0) -> 0.95157667 | I5: =IFERROR(VLOOKUP($A$3:$A$116,'[1]NOV-2026'!$A$4:$ADL$124,MATCH('FY-(26-27)Q3'!$I$2:$J$2,'[1]NOV-2026'!$A$2:$DM$2,0),0),0) -> 0 | J5: =IFERROR(VLOOKUP($A$3:$A$116,'[1]NOV-2026'!$A$4:$ADL$124,MATCH('FY-(26-27)Q3'!$I$2:$J$2,'[1]NOV-2026'!$A$2:$DM$2,0),0),0) -> 0 | K5: =IFERROR(VLOOKUP($A$3:$A$116,'[2]DEC-2026'!$A$4:$AEE$125,MATCH('FY-(26-27)Q3'!$K$2:$L$2,'[2]DEC-2026'!$A$2:$EF$2,0),0),0) -> 0 | L5: =IFERROR(VLOOKUP($A$3:$A$116,'[2]DEC-2026'!$A$4:$AEE$125,MATCH('FY-(26-27)Q3'!$K$2:$L$2,'[2]DEC-2026'!$A$2:$EF$2,0),0),0) -> 0 | M5: =G5+I5+K5 -> 285473 | N5: =H5+J5+L5 -> 0.95157667
A6: P3459 | B6: DK SIR_A | C6: ATS1532 | D6: new strategy_48 | E6: NSEFO | F6: 1 | G6: =IFERROR(VLOOKUP($A$3:$A$116,'OCT-2026'!$A$4:$ADI$120,MATCH('FY-(26-27)Q3'!$G$2:$H$2,'OCT-2026'!$A$2:$DJ$2,0),0),0) -> 328587 | H6: =IFERROR(VLOOKUP($A$3:$A$116,'OCT-2026'!$A$4:$ADI$120,MATCH('FY-(26-27)Q3'!$G$2:$H$2,'OCT-2026'!$A$2:$DJ$2,0),0),0) -> 3.28587 | I6: =IFERROR(VLOOKUP($A$3:$A$116,'[1]NOV-2026'!$A$4:$ADL$124,MATCH('FY-(26-27)Q3'!$I$2:$J$2,'[1]NOV-2026'!$A$2:$DM$2,0),0),0) -> 0 | J6: =IFERROR(VLOOKUP($A$3:$A$116,'[1]NOV-2026'!$A$4:$ADL$124,MATCH('FY-(26-27)Q3'!$I$2:$J$2,'[1]NOV-2026'!$A$2:$DM$2,0),0),0) -> 0 | K6: =IFERROR(VLOOKUP($A$3:$A$116,'[2]DEC-2026'!$A$4:$AEE$125,MATCH('FY-(26-27)Q3'!$K$2:$L$2,'[2]DEC-2026'!$A$2:$EF$2,0),0),0) -> 0 | L6: =IFERROR(VLOOKUP($A$3:$A$116,'[2]DEC-2026'!$A$4:$AEE$125,MATCH('FY-(26-27)Q3'!$K$2:$L$2,'[2]DEC-2026'!$A$2:$EF$2,0),0),0) -> 0 | M6: =G6+I6+K6 -> 328587 | N6: =H6+J6+L6 -> 3.28587
A7: P3166 | B7: Aman Dohre | C7: XTS03 | D7: MACD/Direction | E7: NSEFO | F7: 3 | G7: =IFERROR(VLOOKUP($A$3:$A$116,'OCT-2026'!$A$4:$ADI$120,MATCH('FY-(26-27)Q3'!$G$2:$H$2,'OCT-2026'!$A$2:$DJ$2,0),0),0) -> 112840 | H7: =IFERROR(VLOOKUP($A$3:$A$116,'OCT-2026'!$A$4:$ADI$120,MATCH('FY-(26-27)Q3'!$G$2:$H$2,'OCT-2026'!$A$2:$DJ$2,0),0),0) -> 0.37613333 | I7: =IFERROR(VLOOKUP($A$3:$A$116,'[1]NOV-2026'!$A$4:$ADL$124,MATCH('FY-(26-27)Q3'!$I$2:$J$2,'[1]NOV-2026'!$A$2:$DM$2,0),0),0) -> 0 | J7: =IFERROR(VLOOKUP($A$3:$A$116,'[1]NOV-2026'!$A$4:$ADL$124,MATCH('FY-(26-27)Q3'!$I$2:$J$2,'[1]NOV-2026'!$A$2:$DM$2,0),0),0) -> 0 | K7: =IFERROR(VLOOKUP($A$3:$A$116,'[2]DEC-2026'!$A$4:$AEE$125,MATCH('FY-(26-27)Q3'!$K$2:$L$2,'[2]DEC-2026'!$A$2:$EF$2,0),0),0) -> 0 | L7: =IFERROR(VLOOKUP($A$3:$A$116,'[2]DEC-2026'!$A$4:$AEE$125,MATCH('FY-(26-27)Q3'!$K$2:$L$2,'[2]DEC-2026'!$A$2:$EF$2,0),0),0) -> 0 | M7: =G7+I7+K7 -> 112840 | N7: =H7+J7+L7 -> 0.37613333
A8: P3390 | B8: Aman Dohre | C8: XTS34 | D8: NSE FO | E8: NSEFO | F8: 1.5 | G8: =IFERROR(VLOOKUP($A$3:$A$116,'OCT-2026'!$A$4:$ADI$120,MATCH('FY-(26-27)Q3'!$G$2:$H$2,'OCT-2026'!$A$2:$DJ$2,0),0),0) -> 266686 | H8: =IFERROR(VLOOKUP($A$3:$A$116,'OCT-2026'!$A$4:$ADI$120,MATCH('FY-(26-27)Q3'!$G$2:$H$2,'OCT-2026'!$A$2:$DJ$2,0),0),0) -> 1.7779067 | I8: =IFERROR(VLOOKUP($A$3:$A$116,'[1]NOV-2026'!$A$4:$ADL$124,MATCH('FY-(26-27)Q3'!$I$2:$J$2,'[1]NOV-2026'!$A$2:$DM$2,0),0),0) -> 0 | J8: =IFERROR(VLOOKUP($A$3:$A$116,'[1]NOV-2026'!$A$4:$ADL$124,MATCH('FY-(26-27)Q3'!$I$2:$J$2,'[1]NOV-2026'!$A$2:$DM$2,0),0),0) -> 0 | K8: =IFERROR(VLOOKUP($A$3:$A$116,'[2]DEC-2026'!$A$4:$AEE$125,MATCH('FY-(26-27)Q3'!$K$2:$L$2,'[2]DEC-2026'!$A$2:$EF$2,0),0),0) -> 0 | L8: =IFERROR(VLOOKUP($A$3:$A$116,'[2]DEC-2026'!$A$4:$AEE$125,MATCH('FY-(26-27)Q3'!$K$2:$L$2,'[2]DEC-2026'!$A$2:$EF$2,0),0),0) -> 0 | M8: =G8+I8+K8 -> 266686 | N8: =H8+J8+L8 -> 1.7779067
A9: P3390_1 | B9: Aman Dohre | C9: ATS1507 | D9: NSE FO | E9: NSEFO | F9: 0.6 | G9: =IFERROR(VLOOKUP($A$3:$A$116,'OCT-2026'!$A$4:$ADI$120,MATCH('FY-(26-27)Q3'!$G$2:$H$2,'OCT-2026'!$A$2:$DJ$2,0),0),0) -> 276227 | H9: =IFERROR(VLOOKUP($A$3:$A$116,'OCT-2026'!$A$4:$ADI$120,MATCH('FY-(26-27)Q3'!$G$2:$H$2,'OCT-2026'!$A$2:$DJ$2,0),0),0) -> 4.6037833 | I9: =IFERROR(VLOOKUP($A$3:$A$116,'[1]NOV-2026'!$A$4:$ADL$124,MATCH('FY-(26-27)Q3'!$I$2:$J$2,'[1]NOV-2026'!$A$2:$DM$2,0),0),0) -> 0 | J9: =IFERROR(VLOOKUP($A$3:$A$116,'[1]NOV-2026'!$A$4:$ADL$124,MATCH('FY-(26-27)Q3'!$I$2:$J$2,'[1]NOV-2026'!$A$2:$DM$2,0),0),0) -> 0 | K9: =IFERROR(VLOOKUP($A$3:$A$116,'[2]DEC-2026'!$A$4:$AEE$125,MATCH('FY-(26-27)Q3'!$K$2:$L$2,'[2]DEC-2026'!$A$2:$EF$2,0),0),0) -> 0 | L9: =IFERROR(VLOOKUP($A$3:$A$116,'[2]DEC-2026'!$A$4:$AEE$125,MATCH('FY-(26-27)Q3'!$K$2:$L$2,'[2]DEC-2026'!$A$2:$EF$2,0),0),0) -> 0 | M9: =G9+I9+K9 -> 276227 | N9: =H9+J9+L9 -> 4.6037833
A10: P3117 | B10: Ansh Aggarwal | C10: ATS_1007 | D10: Falcon | E10: NSEFO | F10: 15 | G10: =IFERROR(VLOOKUP($A$3:$A$116,'OCT-2026'!$A$4:$ADI$120,MATCH('FY-(26-27)Q3'!$G$2:$H$2,'OCT-2026'!$A$2:$DJ$2,0),0),0) -> -87379 | H10: =IFERROR(VLOOKUP($A$3:$A$116,'OCT-2026'!$A$4:$ADI$120,MATCH('FY-(26-27)Q3'!$G$2:$H$2,'OCT-2026'!$A$2:$DJ$2,0),0),0) -> -0.058252667 | I10: =IFERROR(VLOOKUP($A$3:$A$116,'[1]NOV-2026'!$A$4:$ADL$124,MATCH('FY-(26-27)Q3'!$I$2:$J$2,'[1]NOV-2026'!$A$2:$DM$2,0),0),0) -> 0 | J10: =IFERROR(VLOOKUP($A$3:$A$116,'[1]NOV-2026'!$A$4:$ADL$124,MATCH('FY-(26-27)Q3'!$I$2:$J$2,'[1]NOV-2026'!$A$2:$DM$2,0),0),0) -> 0 | K10: =IFERROR(VLOOKUP($A$3:$A$116,'[2]DEC-2026'!$A$4:$AEE$125,MATCH('FY-(26-27)Q3'!$K$2:$L$2,'[2]DEC-2026'!$A$2:$EF$2,0),0),0) -> 0 | L10: =IFERROR(VLOOKUP($A$3:$A$116,'[2]DEC-2026'!$A$4:$AEE$125,MATCH('FY-(26-27)Q3'!$K$2:$L$2,'[2]DEC-2026'!$A$2:$EF$2,0),0),0) -> 0 | M10: =G10+I10+K10 -> -87379 | N10: =H10+J10+L10 -> -0.058252667
A11: P3323_1 | B11: Amit&Kartik | C11: XTS35 | D11: Strangle/Spread | E11: NSEFO | F11: 6 | G11: =IFERROR(VLOOKUP($A$3:$A$116,'OCT-2026'!$A$4:$ADI$120,MATCH('FY-(26-27)Q3'!$G$2:$H$2,'OCT-2026'!$A$2:$DJ$2,0),0),0) -> 271199 | H11: =IFERROR(VLOOKUP($A$3:$A$116,'OCT-2026'!$A$4:$ADI$120,MATCH('FY-(26-27)Q3'!$G$2:$H$2,'OCT-2026'!$A$2:$DJ$2,0),0),0) -> 0.45199833 | I11: =IFERROR(VLOOKUP($A$3:$A$116,'[1]NOV-2026'!$A$4:$ADL$124,MATCH('FY-(26-27)Q3'!$I$2:$J$2,'[1]NOV-2026'!$A$2:$DM$2,0),0),0) -> 0 | J11: =IFERROR(VLOOKUP($A$3:$A$116,'[1]NOV-2026'!$A$4:$ADL$124,MATCH('FY-(26-27)Q3'!$I$2:$J$2,'[1]NOV-2026'!$A$2:$DM$2,0),0),0) -> 0 | K11: =IFERROR(VLOOKUP($A$3:$A$116,'[2]DEC-2026'!$A$4:$AEE$125,MATCH('FY-(26-27)Q3'!$K$2:$L$2,'[2]DEC-2026'!$A$2:$EF$2,0),0),0) -> 0 | L11: =IFERROR(VLOOKUP($A$3:$A$116,'[2]DEC-2026'!$A$4:$AEE$125,MATCH('FY-(26-27)Q3'!$K$2:$L$2,'[2]DEC-2026'!$A$2:$EF$2,0),0),0) -> 0 | M11: =G11+I11+K11 -> 271199 | N11: =H11+J11+L11 -> 0.45199833
A12: P2827 | B12: Bharat | C12: UT | D12: CASH | E12: CASH | F12: 1 | G12: =IFERROR(VLOOKUP($A$3:$A$116,'OCT-2026'!$A$4:$ADI$120,MATCH('FY-(26-27)Q3'!$G$2:$H$2,'OCT-2026'!$A$2:$DJ$2,0),0),0) -> -12948 | H12: =IFERROR(VLOOKUP($A$3:$A$116,'OCT-2026'!$A$4:$ADI$120,MATCH('FY-(26-27)Q3'!$G$2:$H$2,'OCT-2026'!$A$2:$DJ$2,0),0),0) -> -0.12948 | I12: =IFERROR(VLOOKUP($A$3:$A$116,'[1]NOV-2026'!$A$4:$ADL$124,MATCH('FY-(26-27)Q3'!$I$2:$J$2,'[1]NOV-2026'!$A$2:$DM$2,0),0),0) -> 0 | J12: =IFERROR(VLOOKUP($A$3:$A$116,'[1]NOV-2026'!$A$4:$ADL$124,MATCH('FY-(26-27)Q3'!$I$2:$J$2,'[1]NOV-2026'!$A$2:$DM$2,0),0),0) -> 0 | K12: =IFERROR(VLOOKUP($A$3:$A$116,'[2]DEC-2026'!$A$4:$AEE$125,MATCH('FY-(26-27)Q3'!$K$2:$L$2,'[2]DEC-2026'!$A$2:$EF$2,0),0),0) -> 0 | L12: =IFERROR(VLOOKUP($A$3:$A$116,'[2]DEC-2026'!$A$4:$AEE$125,MATCH('FY-(26-27)Q3'!$K$2:$L$2,'[2]DEC-2026'!$A$2:$EF$2,0),0),0) -> 0 | M12: =G12+I12+K12 -> -12948 | N12: =H12+J12+L12 -> -0.12948
A13: P3090 | B13: Bharat | C13: XTS04 | D13: STRADDLE | E13: NSEFO | F13: 1 | G13: =IFERROR(VLOOKUP($A$3:$A$116,'OCT-2026'!$A$4:$ADI$120,MATCH('FY-(26-27)Q3'!$G$2:$H$2,'OCT-2026'!$A$2:$DJ$2,0),0),0) -> 90992 | H13: =IFERROR(VLOOKUP($A$3:$A$116,'OCT-2026'!$A$4:$ADI$120,MATCH('FY-(26-27)Q3'!$G$2:$H$2,'OCT-2026'!$A$2:$DJ$2,0),0),0) -> 0.363968 | I13: =IFERROR(VLOOKUP($A$3:$A$116,'[1]NOV-2026'!$A$4:$ADL$124,MATCH('FY-(26-27)Q3'!$I$2:$J$2,'[1]NOV-2026'!$A$2:$DM$2,0),0),0) -> 0 | J13: =IFERROR(VLOOKUP($A$3:$A$116,'[1]NOV-2026'!$A$4:$ADL$124,MATCH('FY-(26-27)Q3'!$I$2:$J$2,'[1]NOV-2026'!$A$2:$DM$2,0),0),0) -> 0 | K13: =IFERROR(VLOOKUP($A$3:$A$116,'[2]DEC-2026'!$A$4:$AEE$125,MATCH('FY-(26-27)Q3'!$K$2:$L$2,'[2]DEC-2026'!$A$2:$EF$2,0),0),0) -> 0 | L13: =IFERROR(VLOOKUP($A$3:$A$116,'[2]DEC-2026'!$A$4:$AEE$125,MATCH('FY-(26-27)Q3'!$K$2:$L$2,'[2]DEC-2026'!$A$2:$EF$2,0),0),0) -> 0 | M13: =G13+I13+K13 -> 90992 | N13: =H13+J13+L13 -> 0.363968
A14: P3079 | B14: Yogesh | C14: UT | D14: CASH | E14: CASH | F14: 1 | G14: =IFERROR(VLOOKUP($A$3:$A$116,'OCT-2026'!$A$4:$ADI$120,MATCH('FY-(26-27)Q3'!$G$2:$H$2,'OCT-2026'!$A$2:$DJ$2,0),0),0) -> -13503 | H14: =IFERROR(VLOOKUP($A$3:$A$116,'OCT-2026'!$A$4:$ADI$120,MATCH('FY-(26-27)Q3'!$G$2:$H$2,'OCT-2026'!$A$2:$DJ$2,0),0),0) -> -0.13503 | I14: =IFERROR(VLOOKUP($A$3:$A$116,'[1]NOV-2026'!$A$4:$ADL$124,MATCH('FY-(26-27)Q3'!$I$2:$J$2,'[1]NOV-2026'!$A$2:$DM$2,0),0),0) -> 0 | J14: =IFERROR(VLOOKUP($A$3:$A$116,'[1]NOV-2026'!$A$4:$ADL$124,MATCH('FY-(26-27)Q3'!$I$2:$J$2,'[1]NOV-2026'!$A$2:$DM$2,0),0),0) -> 0 | K14: =IFERROR(VLOOKUP($A$3:$A$116,'[2]DEC-2026'!$A$4:$AEE$125,MATCH('FY-(26-27)Q3'!$K$2:$L$2,'[2]DEC-2026'!$A$2:$EF$2,0),0),0) -> 0 | L14: =IFERROR(VLOOKUP($A$3:$A$116,'[2]DEC-2026'!$A$4:$AEE$125,MATCH('FY-(26-27)Q3'!$K$2:$L$2,'[2]DEC-2026'!$A$2:$EF$2,0),0),0) -> 0 | M14: =G14+I14+K14 -> -13503 | N14: =H14+J14+L14 -> -0.13503
A15: P2954 | B15: Yogesh kumar | C15: XTS39 | D15: STRADDLE | E15: NSEFO | F15: 0.2 | G15: =IFERROR(VLOOKUP($A$3:$A$116,'OCT-2026'!$A$4:$ADI$120,MATCH('FY-(26-27)Q3'!$G$2:$H$2,'OCT-2026'!$A$2:$DJ$2,0),0),0) -> 121318 | H15: =IFERROR(VLOOKUP($A$3:$A$116,'OCT-2026'!$A$4:$ADI$120,MATCH('FY-(26-27)Q3'!$G$2:$H$2,'OCT-2026'!$A$2:$DJ$2,0),0),0) -> 0.55144545 | I15: =IFERROR(VLOOKUP($A$3:$A$116,'[1]NOV-2026'!$A$4:$ADL$124,MATCH('FY-(26-27)Q3'!$I$2:$J$2,'[1]NOV-2026'!$A$2:$DM$2,0),0),0) -> 0 | J15: =IFERROR(VLOOKUP($A$3:$A$116,'[1]NOV-2026'!$A$4:$ADL$124,MATCH('FY-(26-27)Q3'!$I$2:$J$2,'[1]NOV-2026'!$A$2:$DM$2,0),0),0) -> 0 | K15: =IFERROR(VLOOKUP($A$3:$A$116,'[2]DEC-2026'!$A$4:$AEE$125,MATCH('FY-(26-27)Q3'!$K$2:$L$2,'[2]DEC-2026'!$A$2:$EF$2,0),0),0) -> 0 | L15: =IFERROR(VLOOKUP($A$3:$A$116,'[2]DEC-2026'!$A$4:$AEE$125,MATCH('FY-(26-27)Q3'!$K$2:$L$2,'[2]DEC-2026'!$A$2:$EF$2,0),0),0) -> 0 | M15: =G15+I15+K15 -> 121318 | N15: =H15+J15+L15 -> 0.55144545
... A23: P3146 | B23: Jinesh Jain | C23: CQS5 | D23: CASH | E23: CASH | F23: 2.3 | G23: =IFERROR(VLOOKUP($A$3:$A$116,'OCT-2026'!$A$4:$ADI$120,MATCH('FY-(26-27)Q3'!$G$2:$H$2,'OCT-2026'!$A$2:$DJ$2,0),0),0) -> -566479 | H23: =IFERROR(VLOOKUP($A$3:$A$116,'OCT-2026'!$A$4:$ADI$120,MATCH('FY-(26-27)Q3'!$G$2:$H$2,'OCT-2026'!$A$2:$DJ$2,0),0),0) -> -2.4629522 | I23: =IFERROR(VLOOKUP($A$3:$A$116,'[1]NOV-2026'!$A$4:$ADL$124,MATCH('FY-(26-27)Q3'!$I$2:$J$2,'[1]NOV-2026'!$A$2:$DM$2,0),0),0) -> 0 | J23: =IFERROR(VLOOKUP($A$3:$A$116,'[1]NOV-2026'!$A$4:$ADL$124,MATCH('FY-(26-27)Q3'!$I$2:$J$2,'[1]NOV-2026'!$A$2:$DM$2,0),0),0) -> 0 | K23: =IFERROR(VLOOKUP($A$3:$A$116,'[2]DEC-2026'!$A$4:$AEE$125,MATCH('FY-(26-27)Q3'!$K$2:$L$2,'[2]DEC-2026'!$A$2:$EF$2,0),0),0) -> 0 | L23: =IFERROR(VLOOKUP($A$3:$A$116,'[2]DEC-2026'!$A$4:$AEE$125,MATCH('FY-(26-27)Q3'!$K$2:$L$2,'[2]DEC-2026'!$A$2:$EF$2,0),0),0) -> 0 | M23: =G23+I23+K23 -> -566479 | N23: =H23+J23+L23 -> -2.4629522
A24: P3244 | B24: Jinesh Jain | C24: XTS41 | D24: Stock fo | F24: 0.2 | G24: =IFERROR(VLOOKUP($A$3:$A$116,'OCT-2026'!$A$4:$ADI$120,MATCH('FY-(26-27)Q3'!$G$2:$H$2,'OCT-2026'!$A$2:$DJ$2,0),0),0) -> 188991 | H24: =IFERROR(VLOOKUP($A$3:$A$116,'OCT-2026'!$A$4:$ADI$120,MATCH('FY-(26-27)Q3'!$G$2:$H$2,'OCT-2026'!$A$2:$DJ$2,0),0),0) -> 9.44955 | I24: =IFERROR(VLOOKUP($A$3:$A$116,'[1]NOV-2026'!$A$4:$ADL$124,MATCH('FY-(26-27)Q3'!$I$2:$J$2,'[1]NOV-2026'!$A$2:$DM$2,0),0),0) -> 0 | J24: =IFERROR(VLOOKUP($A$3:$A$116,'[1]NOV-2026'!$A$4:$ADL$124,MATCH('FY-(26-27)Q3'!$I$2:$J$2,'[1]NOV-2026'!$A$2:$DM$2,0),0),0) -> 0 | K24: =IFERROR(VLOOKUP($A$3:$A$116,'[2]DEC-2026'!$A$4:$AEE$125,MATCH('FY-(26-27)Q3'!$K$2:$L$2,'[2]DEC-2026'!$A$2:$EF$2,0),0),0) -> 0 | L24: =IFERROR(VLOOKUP($A$3:$A$116,'[2]DEC-2026'!$A$4:$AEE$125,MATCH('FY-(26-27)Q3'!$K$2:$L$2,'[2]DEC-2026'!$A$2:$EF$2,0),0),0) -> 0 | M24: =G24+I24+K24 -> 188991 | N24: =H24+J24+L24 -> 9.44955
A25: P3434 | B25: Kapil Kumar | C25: ATS_1529 | E25: NSEFO | F25: 0.2 | G25: =IFERROR(VLOOKUP($A$3:$A$116,'OCT-2026'!$A$4:$ADI$120,MATCH('FY-(26-27)Q3'!$G$2:$H$2,'OCT-2026'!$A$2:$DJ$2,0),0),0) -> -31804 | H25: =IFERROR(VLOOKUP($A$3:$A$116,'OCT-2026'!$A$4:$ADI$120,MATCH('FY-(26-27)Q3'!$G$2:$H$2,'OCT-2026'!$A$2:$DJ$2,0),0),0) -> -0.63608 | I25: =IFERROR(VLOOKUP($A$3:$A$116,'[1]NOV-2026'!$A$4:$ADL$124,MATCH('FY-(26-27)Q3'!$I$2:$J$2,'[1]NOV-2026'!$A$2:$DM$2,0),0),0) -> 0 | J25: =IFERROR(VLOOKUP($A$3:$A$116,'[1]NOV-2026'!$A$4:$ADL$124,MATCH('FY-(26-27)Q3'!$I$2:$J$2,'[1]NOV-2026'!$A$2:$DM$2,0),0),0) -> 0 | K25: =IFERROR(VLOOKUP($A$3:$A$116,'[2]DEC-2026'!$A$4:$AEE$125,MATCH('FY-(26-27)Q3'!$K$2:$L$2,'[2]DEC-2026'!$A$2:$EF$2,0),0),0) -> 0 | L25: =IFERROR(VLOOKUP($A$3:$A$116,'[2]DEC-2026'!$A$4:$AEE$125,MATCH('FY-(26-27)Q3'!$K$2:$L$2,'[2]DEC-2026'!$A$2:$EF$2,0),0),0) -> 0 | M25: =G25+I25+K25 -> -31804 | N25: =H25+J25+L25 -> -0.63608
A26: P2105 | B26: Kamlesh | C26: S1501 | D26: Wanda | E26: NSEFO | F26: 5 | G26: =IFERROR(VLOOKUP($A$3:$A$116,'OCT-2026'!$A$4:$ADI$120,MATCH('FY-(26-27)Q3'!$G$2:$H$2,'OCT-2026'!$A$2:$DJ$2,0),0),0) -> 1808800 | H26: =IFERROR(VLOOKUP($A$3:$A$116,'OCT-2026'!$A$4:$ADI$120,MATCH('FY-(26-27)Q3'!$G$2:$H$2,'OCT-2026'!$A$2:$DJ$2,0),0),0) -> 3.6176 | I26: =IFERROR(VLOOKUP($A$3:$A$116,'[1]NOV-2026'!$A$4:$ADL$124,MATCH('FY-(26-27)Q3'!$I$2:$J$2,'[1]NOV-2026'!$A$2:$DM$2,0),0),0) -> 0 | J26: =IFERROR(VLOOKUP($A$3:$A$116,'[1]NOV-2026'!$A$4:$ADL$124,MATCH('FY-(26-27)Q3'!$I$2:$J$2,'[1]NOV-2026'!$A$2:$DM$2,0),0),0) -> 0 | K26: =IFERROR(VLOOKUP($A$3:$A$116,'[2]DEC-2026'!$A$4:$AEE$125,MATCH('FY-(26-27)Q3'!$K$2:$L$2,'[2]DEC-2026'!$A$2:$EF$2,0),0),0) -> 0 | L26: =IFERROR(VLOOKUP($A$3:$A$116,'[2]DEC-2026'!$A$4:$AEE$125,MATCH('FY-(26-27)Q3'!$K$2:$L$2,'[2]DEC-2026'!$A$2:$EF$2,0),0),0) -> 0 | M26: =G26+I26+K26 -> 1808800 | N26: =H26+J26+L26 -> 3.6176
A27: P3024 | B27: Kartaram Pro | C27: ATS_1005 | D27: Spider 2.0 | E27: NSEFO | F27: 10 | G27: =IFERROR(VLOOKUP($A$3:$A$116,'OCT-2026'!$A$4:$ADI$120,MATCH('FY-(26-27)Q3'!$G$2:$H$2,'OCT-2026'!$A$2:$DJ$2,0),0),0) -> 225891 | H27: =IFERROR(VLOOKUP($A$3:$A$116,'OCT-2026'!$A$4:$ADI$120,MATCH('FY-(26-27)Q3'!$G$2:$H$2,'OCT-2026'!$A$2:$DJ$2,0),0),0) -> 0.225891 | I27: =IFERROR(VLOOKUP($A$3:$A$116,'[1]NOV-2026'!$A$4:$ADL$124,MATCH('FY-(26-27)Q3'!$I$2:$J$2,'[1]NOV-2026'!$A$2:$DM$2,0),0),0) -> 0 | J27: =IFERROR(VLOOKUP($A$3:$A$116,'[1]NOV-2026'!$A$4:$ADL$124,MATCH('FY-(26-27)Q3'!$I$2:$J$2,'[1]NOV-2026'!$A$2:$DM$2,0),0),0) -> 0 | K27: =IFERROR(VLOOKUP($A$3:$A$116,'[2]DEC-2026'!$A$4:$AEE$125,MATCH('FY-(26-27)Q3'!$K$2:$L$2,'[2]DEC-2026'!$A$2:$EF$2,0),0),0) -> 0 | L27: =IFERROR(VLOOKUP($A$3:$A$116,'[2]DEC-2026'!$A$4:$AEE$125,MATCH('FY-(26-27)Q3'!$K$2:$L$2,'[2]DEC-2026'!$A$2:$EF$2,0),0),0) -> 0 | M27: =G27+I27+K27 -> 225891 | N27: =H27+J27+L27 -> 0.225891
A28: P3446 | B28: Gargi Bharti | C28: ATS_1511 | E28: NSEFO | F28: 1 | G28: =IFERROR(VLOOKUP($A$3:$A$116,'OCT-2026'!$A$4:$ADI$120,MATCH('FY-(26-27)Q3'!$G$2:$H$2,'OCT-2026'!$A$2:$DJ$2,0),0),0) -> 28186 | H28: =IFERROR(VLOOKUP($A$3:$A$116,'OCT-2026'!$A$4:$ADI$120,MATCH('FY-(26-27)Q3'!$G$2:$H$2,'OCT-2026'!$A$2:$DJ$2,0),0),0) -> 0.56372 | I28: =IFERROR(VLOOKUP($A$3:$A$116,'[1]NOV-2026'!$A$4:$ADL$124,MATCH('FY-(26-27)Q3'!$I$2:$J$2,'[1]NOV-2026'!$A$2:$DM$2,0),0),0) -> 0 | J28: =IFERROR(VLOOKUP($A$3:$A$116,'[1]NOV-2026'!$A$4:$ADL$124,MATCH('FY-(26-27)Q3'!$I$2:$J$2,'[1]NOV-2026'!$A$2:$DM$2,0),0),0) -> 0 | K28: =IFERROR(VLOOKUP($A$3:$A$116,'[2]DEC-2026'!$A$4:$AEE$125,MATCH('FY-(26-27)Q3'!$K$2:$L$2,'[2]DEC-2026'!$A$2:$EF$2,0),0),0) -> 0 | L28: =IFERROR(VLOOKUP($A$3:$A$116,'[2]DEC-2026'!$A$4:$AEE$125,MATCH('FY-(26-27)Q3'!$K$2:$L$2,'[2]DEC-2026'!$A$2:$EF$2,0),0),0) -> 0 | M28: =G28+I28+K28 -> 28186 | N28: =H28+J28+L28 -> 0.56372
A29: P3202 | B29: Gagandeep | C29: XTS12 | D29: Gagandeep | E29: NSEFO | F29: 5 | G29: =IFERROR(VLOOKUP($A$3:$A$116,'OCT-2026'!$A$4:$ADI$120,MATCH('FY-(26-27)Q3'!$G$2:$H$2,'OCT-2026'!$A$2:$DJ$2,0),0),0) -> 841174 | H29: =IFERROR(VLOOKUP($A$3:$A$116,'OCT-2026'!$A$4:$ADI$120,MATCH('FY-(26-27)Q3'!$G$2:$H$2,'OCT-2026'!$A$2:$DJ$2,0),0),0) -> 1.682348 | I29: =IFERROR(VLOOKUP($A$3:$A$116,'[1]NOV-2026'!$A$4:$ADL$124,MATCH('FY-(26-27)Q3'!$I$2:$J$2,'[1]NOV-2026'!$A$2:$DM$2,0),0),0) -> 0 | J29: =IFERROR(VLOOKUP($A$3:$A$116,'[1]NOV-2026'!$A$4:$ADL$124,MATCH('FY-(26-27)Q3'!$I$2:$J$2,'[1]NOV-2026'!$A$2:$DM$2,0),0),0) -> 0 | K29: =IFERROR(VLOOKUP($A$3:$A$116,'[2]DEC-2026'!$A$4:$AEE$125,MATCH('FY-(26-27)Q3'!$K$2:$L$2,'[2]DEC-2026'!$A$2:$EF$2,0),0),0) -> 0 | L29: =IFERROR(VLOOKUP($A$3:$A$116,'[2]DEC-2026'!$A$4:$AEE$125,MATCH('FY-(26-27)Q3'!$K$2:$L$2,'[2]DEC-2026'!$A$2:$EF$2,0),0),0) -> 0 | M29: =G29+I29+K29 -> 841174 | N29: =H29+J29+L29 -> 1.682348
A30: P3020 | B30: Mahavir Jindal | C30: XTS02 | D30: Mahavir Jindal | E30: NSEFO | F30: 5 | G30: =IFERROR(VLOOKUP($A$3:$A$116,'OCT-2026'!$A$4:$ADI$120,MATCH('FY-(26-27)Q3'!$G$2:$H$2,'OCT-2026'!$A$2:$DJ$2,0),0),0) -> 140133 | H30: =IFERROR(VLOOKUP($A$3:$A$116,'OCT-2026'!$A$4:$ADI$120,MATCH('FY-(26-27)Q3'!$G$2:$H$2,'OCT-2026'!$A$2:$DJ$2,0),0),0) -> 0.280266 | I30: =IFERROR(VLOOKUP($A$3:$A$116,'[1]NOV-2026'!$A$4:$ADL$124,MATCH('FY-(26-27)Q3'!$I$2:$J$2,'[1]NOV-2026'!$A$2:$DM$2,0),0),0) -> 0 | J30: =IFERROR(VLOOKUP($A$3:$A$116,'[1]NOV-2026'!$A$4:$ADL$124,MATCH('FY-(26-27)Q3'!$I$2:$J$2,'[1]NOV-2026'!$A$2:$DM$2,0),0),0) -> 0 | K30: =IFERROR(VLOOKUP($A$3:$A$116,'[2]DEC-2026'!$A$4:$AEE$125,MATCH('FY-(26-27)Q3'!$K$2:$L$2,'[2]DEC-2026'!$A$2:$EF$2,0),0),0) -> 0 | L30: =IFERROR(VLOOKUP($A$3:$A$116,'[2]DEC-2026'!$A$4:$AEE$125,MATCH('FY-(26-27)Q3'!$K$2:$L$2,'[2]DEC-2026'!$A$2:$EF$2,0),0),0) -> 0 | M30: =G30+I30+K30 -> 140133 | N30: =H30+J30+L30 -> 0.280266
A31: P3341 | B31: Maneesh Yadav | C31: XTS18 | D31: Theta Dominance | E31: NSEFO | F31: 0.5 | G31: =IFERROR(VLOOKUP($A$3:$A$116,'OCT-2026'!$A$4:$ADI$120,MATCH('FY-(26-27)Q3'!$G$2:$H$2,'OCT-2026'!$A$2:$DJ$2,0),0),0) -> 43166 | H31: =IFERROR(VLOOKUP($A$3:$A$116,'OCT-2026'!$A$4:$ADI$120,MATCH('FY-(26-27)Q3'!$G$2:$H$2,'OCT-2026'!$A$2:$DJ$2,0),0),0) -> 0.86332 | I31: =IFERROR(VLOOKUP($A$3:$A$116,'[1]NOV-2026'!$A$4:$ADL$124,MATCH('FY-(26-27)Q3'!$I$2:$J$2,'[1]NOV-2026'!$A$2:$DM$2,0),0),0) -> 0 | J31: =IFERROR(VLOOKUP($A$3:$A$116,'[1]NOV-2026'!$A$4:$ADL$124,MATCH('FY-(26-27)Q3'!$I$2:$J$2,'[1]NOV-2026'!$A$2:$DM$2,0),0),0) -> 0 | K31: =IFERROR(VLOOKUP($A$3:$A$116,'[2]DEC-2026'!$A$4:$AEE$125,MATCH('FY-(26-27)Q3'!$K$2:$L$2,'[2]DEC-2026'!$A$2:$EF$2,0),0),0) -> 0 | L31: =IFERROR(VLOOKUP($A$3:$A$116,'[2]DEC-2026'!$A$4:$AEE$125,MATCH('FY-(26-27)Q3'!$K$2:$L$2,'[2]DEC-2026'!$A$2:$EF$2,0),0),0) -> 0 | M31: =G31+I31+K31 -> 43166 | N31: =H31+J31+L31 -> 0.86332
A32: P2971_2 | B32: Neeraj Garg_2 | C32: S1514 | D32: ACE1 | E32: NSEFO | F32: 0.4 | G32: =IFERROR(VLOOKUP($A$3:$A$116,'OCT-2026'!$A$4:$ADI$120,MATCH('FY-(26-27)Q3'!$G$2:$H$2,'OCT-2026'!$A$2:$DJ$2,0),0),0) -> 344037 | H32: =IFERROR(VLOOKUP($A$3:$A$116,'OCT-2026'!$A$4:$ADI$120,MATCH('FY-(26-27)Q3'!$G$2:$H$2,'OCT-2026'!$A$2:$DJ$2,0),0),0) -> 8.600925 | I32: =IFERROR(VLOOKUP($A$3:$A$116,'[1]NOV-2026'!$A$4:$ADL$124,MATCH('FY-(26-27)Q3'!$I$2:$J$2,'[1]NOV-2026'!$A$2:$DM$2,0),0),0) -> 0 | J32: =IFERROR(VLOOKUP($A$3:$A$116,'[1]NOV-2026'!$A$4:$ADL$124,MATCH('FY-(26-27)Q3'!$I$2:$J$2,'[1]NOV-2026'!$A$2:$DM$2,0),0),0) -> 0 | K32: =IFERROR(VLOOKUP($A$3:$A$116,'[2]DEC-2026'!$A$4:$AEE$125,MATCH('FY-(26-27)Q3'!$K$2:$L$2,'[2]DEC-2026'!$A$2:$EF$2,0),0),0) -> 0 | L32: =IFERROR(VLOOKUP($A$3:$A$116,'[2]DEC-2026'!$A$4:$AEE$125,MATCH('FY-(26-27)Q3'!$K$2:$L$2,'[2]DEC-2026'!$A$2:$EF$2,0),0),0) -> 0 | M32: =G32+I32+K32 -> 344037 | N32: =H32+J32+L32 -> 8.600925
A33: P3070 | B33: Prateek | C33: ATS_1504 | D33: Smart Strangle | E33: NSEFO | F33: 4 | G33: =IFERROR(VLOOKUP($A$3:$A$116,'OCT-2026'!$A$4:$ADI$120,MATCH('FY-(26-27)Q3'!$G$2:$H$2,'OCT-2026'!$A$2:$DJ$2,0),0),0) -> 311005 | H33: =IFERROR(VLOOKUP($A$3:$A$116,'OCT-2026'!$A$4:$ADI$120,MATCH('FY-(26-27)Q3'!$G$2:$H$2,'OCT-2026'!$A$2:$DJ$2,0),0),0) -> 0.7775125 | I33: =IFERROR(VLOOKUP($A$3:$A$116,'[1]NOV-2026'!$A$4:$ADL$124,MATCH('FY-(26-27)Q3'!$I$2:$J$2,'[1]NOV-2026'!$A$2:$DM$2,0),0),0) -> 0 | J33: =IFERROR(VLOOKUP($A$3:$A$116,'[1]NOV-2026'!$A$4:$ADL$124,MATCH('FY-(26-27)Q3'!$I$2:$J$2,'[1]NOV-2026'!$A$2:$DM$2,0),0),0) -> 0 | K33: =IFERROR(VLOOKUP($A$3:$A$116,'[2]DEC-2026'!$A$4:$AEE$125,MATCH('FY-(26-27)Q3'!$K$2:$L$2,'[2]DEC-2026'!$A$2:$EF$2,0),0),0) -> 0 | L33: =IFERROR(VLOOKUP($A$3:$A$116,'[2]DEC-2026'!$A$4:$AEE$125,MATCH('FY-(26-27)Q3'!$K$2:$L$2,'[2]DEC-2026'!$A$2:$EF$2,0),0),0) -> 0 | M33: =G33+I33+K33 -> 311005 | N33: =H33+J33+L33 -> 0.7775125
A34: P2999 | B34: Prateek | C34: ATS_1519 | D34: ETF | E34: ETF | F34: 1 | G34: =IFERROR(VLOOKUP($A$3:$A$116,'OCT-2026'!$A$4:$ADI$120,MATCH('FY-(26-27)Q3'!$G$2:$H$2,'OCT-2026'!$A$2:$DJ$2,0),0),0) -> -36765 | H34: =IFERROR(VLOOKUP($A$3:$A$116,'OCT-2026'!$A$4:$ADI$120,MATCH('FY-(26-27)Q3'!$G$2:$H$2,'OCT-2026'!$A$2:$DJ$2,0),0),0) -> -0.36765 | I34: =IFERROR(VLOOKUP($A$3:$A$116,'[1]NOV-2026'!$A$4:$ADL$124,MATCH('FY-(26-27)Q3'!$I$2:$J$2,'[1]NOV-2026'!$A$2:$DM$2,0),0),0) -> 0 | J34: =IFERROR(VLOOKUP($A$3:$A$116,'[1]NOV-2026'!$A$4:$ADL$124,MATCH('FY-(26-27)Q3'!$I$2:$J$2,'[1]NOV-2026'!$A$2:$DM$2,0),0),0) -> 0 | K34: =IFERROR(VLOOKUP($A$3:$A$116,'[2]DEC-2026'!$A$4:$AEE$125,MATCH('FY-(26-27)Q3'!$K$2:$L$2,'[2]DEC-2026'!$A$2:$EF$2,0),0),0) -> 0 | L34: =IFERROR(VLOOKUP($A$3:$A$116,'[2]DEC-2026'!$A$4:$AEE$125,MATCH('FY-(26-27)Q3'!$K$2:$L$2,'[2]DEC-2026'!$A$2:$EF$2,0),0),0) -> 0 | M34: =G34+I34+K34 -> -36765 | N34: =H34+J34+L34 -> -0.36765
A35: P3000 | B35: Prateek | C35: XTS19 | D35: NSEFO | E35: NSEFO | G35: =IFERROR(VLOOKUP($A$3:$A$116,'OCT-2026'!$A$4:$ADI$120,MATCH('FY-(26-27)Q3'!$G$2:$H$2,'OCT-2026'!$A$2:$DJ$2,0),0),0) -> 0 | H35: =IFERROR(VLOOKUP($A$3:$A$116,'OCT-2026'!$A$4:$ADI$120,MATCH('FY-(26-27)Q3'!$G$2:$H$2,'OCT-2026'!$A$2:$DJ$2,0),0),0) -> 0 | I35: =IFERROR(VLOOKUP($A$3:$A$116,'[1]NOV-2026'!$A$4:$ADL$124,MATCH('FY-(26-27)Q3'!$I$2:$J$2,'[1]NOV-2026'!$A$2:$DM$2,0),0),0) -> 0 | J35: =IFERROR(VLOOKUP($A$3:$A$116,'[1]NOV-2026'!$A$4:$ADL$124,MATCH('FY-(26-27)Q3'!$I$2:$J$2,'[1]NOV-2026'!$A$2:$DM$2,0),0),0) -> 0 | K35: =IFERROR(VLOOKUP($A$3:$A$116,'[2]DEC-2026'!$A$4:$AEE$125,MATCH('FY-(26-27)Q3'!$K$2:$L$2,'[2]DEC-2026'!$A$2:$EF$2,0),0),0) -> 0 | L35: =IFERROR(VLOOKUP($A$3:$A$116,'[2]DEC-2026'!$A$4:$AEE$125,MATCH('FY-(26-27)Q3'!$K$2:$L$2,'[2]DEC-2026'!$A$2:$EF$2,0),0),0) -> 0 | M35: =G35+I35+K35 -> 0 | N35: =H35+J35+L35 -> 0
A36: P3186 | B36: Prateek | C36: XTS17 | D36: opton | E36: NSEFO | F36: 0.5 | G36: =IFERROR(VLOOKUP($A$3:$A$116,'OCT-2026'!$A$4:$ADI$120,MATCH('FY-(26-27)Q3'!$G$2:$H$2,'OCT-2026'!$A$2:$DJ$2,0),0),0) -> -42052 | H36: =IFERROR(VLOOKUP($A$3:$A$116,'OCT-2026'!$A$4:$ADI$120,MATCH('FY-(26-27)Q3'!$G$2:$H$2,'OCT-2026'!$A$2:$DJ$2,0),0),0) -> -0.84104 | I36: =IFERROR(VLOOKUP($A$3:$A$116,'[1]NOV-2026'!$A$4:$ADL$124,MATCH('FY-(26-27)Q3'!$I$2:$J$2,'[1]NOV-2026'!$A$2:$DM$2,0),0),0) -> 0 | J36: =IFERROR(VLOOKUP($A$3:$A$116,'[1]NOV-2026'!$A$4:$ADL$124,MATCH('FY-(26-27)Q3'!$I$2:$J$2,'[1]NOV-2026'!$A$2:$DM$2,0),0),0) -> 0 | K36: =IFERROR(VLOOKUP($A$3:$A$116,'[2]DEC-2026'!$A$4:$AEE$125,MATCH('FY-(26-27)Q3'!$K$2:$L$2,'[2]DEC-2026'!$A$2:$EF$2,0),0),0) -> 0 | L36: =IFERROR(VLOOKUP($A$3:$A$116,'[2]DEC-2026'!$A$4:$AEE$125,MATCH('FY-(26-27)Q3'!$K$2:$L$2,'[2]DEC-2026'!$A$2:$EF$2,0),0),0) -> 0 | M36: =G36+I36+K36 -> -42052 | N36: =H36+J36+L36 -> -0.84104
A37: P3135 | B37: Piyush Singhal | C37: ATS_1509 | D37: Direction range | E37: NSEFO | F37: 1 | G37: =IFERROR(VLOOKUP($A$3:$A$116,'OCT-2026'!$A$4:$ADI$120,MATCH('FY-(26-27)Q3'!$G$2:$H$2,'OCT-2026'!$A$2:$DJ$2,0),0),0) -> 422121 | H37: =IFERROR(VLOOKUP($A$3:$A$116,'OCT-2026'!$A$4:$ADI$120,MATCH('FY-(26-27)Q3'!$G$2:$H$2,'OCT-2026'!$A$2:$DJ$2,0),0),0) -> 1.40707 | I37: =IFERROR(VLOOKUP($A$3:$A$116,'[1]NOV-2026'!$A$4:$ADL$124,MATCH('FY-(26-27)Q3'!$I$2:$J$2,'[1]NOV-2026'!$A$2:$DM$2,0),0),0) -> 0 | J37: =IFERROR(VLOOKUP($A$3:$A$116,'[1]NOV-2026'!$A$4:$ADL$124,MATCH('FY-(26-27)Q3'!$I$2:$J$2,'[1]NOV-2026'!$A$2:$DM$2,0),0),0) -> 0 | K37: =IFERROR(VLOOKUP($A$3:$A$116,'[2]DEC-2026'!$A$4:$AEE$125,MATCH('FY-(26-27)Q3'!$K$2:$L$2,'[2]DEC-2026'!$A$2:$EF$2,0),0),0) -> 0 | L37: =IFERROR(VLOOKUP($A$3:$A$116,'[2]DEC-2026'!$A$4:$AEE$125,MATCH('FY-(26-27)Q3'!$K$2:$L$2,'[2]DEC-2026'!$A$2:$EF$2,0),0),0) -> 0 | M37: =G37+I37+K37 -> 422121 | N37: =H37+J37+L37 -> 1.40707
A38: P3152 | B38: Rashil Khetan | C38: XTS29 | E38: NSEFO | F38: 0.1 | G38: =IFERROR(VLOOKUP($A$3:$A$116,'OCT-2026'!$A$4:$ADI$120,MATCH('FY-(26-27)Q3'!$G$2:$H$2,'OCT-2026'!$A$2:$DJ$2,0),0),0) -> -191569 | H38: =IFERROR(VLOOKUP($A$3:$A$116,'OCT-2026'!$A$4:$ADI$120,MATCH('FY-(26-27)Q3'!$G$2:$H$2,'OCT-2026'!$A$2:$DJ$2,0),0),0) -> -19.1569 | I38: =IFERROR(VLOOKUP($A$3:$A$116,'[1]NOV-2026'!$A$4:$ADL$124,MATCH('FY-(26-27)Q3'!$I$2:$J$2,'[1]NOV-2026'!$A$2:$DM$2,0),0),0) -> 0 | J38: =IFERROR(VLOOKUP($A$3:$A$116,'[1]NOV-2026'!$A$4:$ADL$124,MATCH('FY-(26-27)Q3'!$I$2:$J$2,'[1]NOV-2026'!$A$2:$DM$2,0),0),0) -> 0 | K38: =IFERROR(VLOOKUP($A$3:$A$116,'[2]DEC-2026'!$A$4:$AEE$125,MATCH('FY-(26-27)Q3'!$K$2:$L$2,'[2]DEC-2026'!$A$2:$EF$2,0),0),0) -> 0 | L38: =IFERROR(VLOOKUP($A$3:$A$116,'[2]DEC-2026'!$A$4:$AEE$125,MATCH('FY-(26-27)Q3'!$K$2:$L$2,'[2]DEC-2026'!$A$2:$EF$2,0),0),0) -> 0 | M38: =G38+I38+K38 -> -191569 | N38: =H38+J38+L38 -> -19.1569
A39: P3342 | B39: Raghav Tuli | C39: XTS20 | D39: Flaxi trade | E39: NSEFO | F39: 1 | G39: =IFERROR(VLOOKUP($A$3:$A$116,'OCT-2026'!$A$4:$ADI$120,MATCH('FY-(26-27)Q3'!$G$2:$H$2,'OCT-2026'!$A$2:$DJ$2,0),0),0) -> 75358 | H39: =IFERROR(VLOOKUP($A$3:$A$116,'OCT-2026'!$A$4:$ADI$120,MATCH('FY-(26-27)Q3'!$G$2:$H$2,'OCT-2026'!$A$2:$DJ$2,0),0),0) -> 1.50716 | I39: =IFERROR(VLOOKUP($A$3:$A$116,'[1]NOV-2026'!$A$4:$ADL$124,MATCH('FY-(26-27)Q3'!$I$2:$J$2,'[1]NOV-2026'!$A$2:$DM$2,0),0),0) -> 0 | J39: =IFERROR(VLOOKUP($A$3:$A$116,'[1]NOV-2026'!$A$4:$ADL$124,MATCH('FY-(26-27)Q3'!$I$2:$J$2,'[1]NOV-2026'!$A$2:$DM$2,0),0),0) -> 0 | K39: =IFERROR(VLOOKUP($A$3:$A$116,'[2]DEC-2026'!$A$4:$AEE$125,MATCH('FY-(26-27)Q3'!$K$2:$L$2,'[2]DEC-2026'!$A$2:$EF$2,0),0),0) -> 0 | L39: =IFERROR(VLOOKUP($A$3:$A$116,'[2]DEC-2026'!$A$4:$AEE$125,MATCH('FY-(26-27)Q3'!$K$2:$L$2,'[2]DEC-2026'!$A$2:$EF$2,0),0),0) -> 0 | M39: =G39+I39+K39 -> 75358 | N39: =H39+J39+L39 -> 1.50716
A40: P3082 | B40: Ramakar Jha | C40: ATS1012 | D40: CASH | E40: CASH | F40: 1 | G40: =IFERROR(VLOOKUP($A$3:$A$116,'OCT-2026'!$A$4:$ADI$120,MATCH('FY-(26-27)Q3'!$G$2:$H$2,'OCT-2026'!$A$2:$DJ$2,0),0),0) -> -747613 | H40: =IFERROR(VLOOKUP($A$3:$A$116,'OCT-2026'!$A$4:$ADI$120,MATCH('FY-(26-27)Q3'!$G$2:$H$2,'OCT-2026'!$A$2:$DJ$2,0),0),0) -> -7.47613 | I40: =IFERROR(VLOOKUP($A$3:$A$116,'[1]NOV-2026'!$A$4:$ADL$124,MATCH('FY-(26-27)Q3'!$I$2:$J$2,'[1]NOV-2026'!$A$2:$DM$2,0),0),0) -> 0 | J40: =IFERROR(VLOOKUP($A$3:$A$116,'[1]NOV-2026'!$A$4:$ADL$124,MATCH('FY-(26-27)Q3'!$I$2:$J$2,'[1]NOV-2026'!$A$2:$DM$2,0),0),0) -> 0 | K40: =IFERROR(VLOOKUP($A$3:$A$116,'[2]DEC-2026'!$A$4:$AEE$125,MATCH('FY-(26-27)Q3'!$K$2:$L$2,'[2]DEC-2026'!$A$2:$EF$2,0),0),0) -> 0 | L40: =IFERROR(VLOOKUP($A$3:$A$116,'[2]DEC-2026'!$A$4:$AEE$125,MATCH('FY-(26-27)Q3'!$K$2:$L$2,'[2]DEC-2026'!$A$2:$EF$2,0),0),0) -> 0 | M40: =G40+I40+K40 -> -747613 | N40: =H40+J40+L40 -> -7.47613
A41: P3058 | B41: Ramakar Jha | C41: ATS_1513 | D41: Stock fo | E41: NSEFO | F41: 0.5 | G41: =IFERROR(VLOOKUP($A$3:$A$116,'OCT-2026'!$A$4:$ADI$120,MATCH('FY-(26-27)Q3'!$G$2:$H$2,'OCT-2026'!$A$2:$DJ$2,0),0),0) -> 547590 | H41: =IFERROR(VLOOKUP($A$3:$A$116,'OCT-2026'!$A$4:$ADI$120,MATCH('FY-(26-27)Q3'!$G$2:$H$2,'OCT-2026'!$A$2:$DJ$2,0),0),0) -> 10.9518 | I41: =IFERROR(VLOOKUP($A$3:$A$116,'[1]NOV-2026'!$A$4:$ADL$124,MATCH('FY-(26-27)Q3'!$I$2:$J$2,'[1]NOV-2026'!$A$2:$DM$2,0),0),0) -> 0 | J41: =IFERROR(VLOOKUP($A$3:$A$116,'[1]NOV-2026'!$A$4:$ADL$124,MATCH('FY-(26-27)Q3'!$I$2:$J$2,'[1]NOV-2026'!$A$2:$DM$2,0),0),0) -> 0 | K41: =IFERROR(VLOOKUP($A$3:$A$116,'[2]DEC-2026'!$A$4:$AEE$125,MATCH('FY-(26-27)Q3'!$K$2:$L$2,'[2]DEC-2026'!$A$2:$EF$2,0),0),0) -> 0 | L41: =IFERROR(VLOOKUP($A$3:$A$116,'[2]DEC-2026'!$A$4:$AEE$125,MATCH('FY-(26-27)Q3'!$K$2:$L$2,'[2]DEC-2026'!$A$2:$EF$2,0),0),0) -> 0 | M41: =G41+I41+K41 -> 547590 | N41: =H41+J41+L41 -> 10.9518
A42: P3433 | B42: Sanchit | C42: ATS_1528 | E42: NSEFO | F42: 0.1 | G42: =IFERROR(VLOOKUP($A$3:$A$116,'OCT-2026'!$A$4:$ADI$120,MATCH('FY-(26-27)Q3'!$G$2:$H$2,'OCT-2026'!$A$2:$DJ$2,0),0),0) -> -30785 | H42: =IFERROR(VLOOKUP($A$3:$A$116,'OCT-2026'!$A$4:$ADI$120,MATCH('FY-(26-27)Q3'!$G$2:$H$2,'OCT-2026'!$A$2:$DJ$2,0),0),0) -> -0.6157 | I42: =IFERROR(VLOOKUP($A$3:$A$116,'[1]NOV-2026'!$A$4:$ADL$124,MATCH('FY-(26-27)Q3'!$I$2:$J$2,'[1]NOV-2026'!$A$2:$DM$2,0),0),0) -> 0 | J42: =IFERROR(VLOOKUP($A$3:$A$116,'[1]NOV-2026'!$A$4:$ADL$124,MATCH('FY-(26-27)Q3'!$I$2:$J$2,'[1]NOV-2026'!$A$2:$DM$2,0),0),0) -> 0 | K42: =IFERROR(VLOOKUP($A$3:$A$116,'[2]DEC-2026'!$A$4:$AEE$125,MATCH('FY-(26-27)Q3'!$K$2:$L$2,'[2]DEC-2026'!$A$2:$EF$2,0),0),0) -> 0 | L42: =IFERROR(VLOOKUP($A$3:$A$116,'[2]DEC-2026'!$A$4:$AEE$125,MATCH('FY-(26-27)Q3'!$K$2:$L$2,'[2]DEC-2026'!$A$2:$EF$2,0),0),0) -> 0 | M42: =G42+I42+K42 -> -30785 | N42: =H42+J42+L42 -> -0.6157
A43: P3048 | B43: Shahid | C43: XTS05 | D43: Shahid | E43: NSEFO | F43: 1 | G43: =IFERROR(VLOOKUP($A$3:$A$116,'OCT-2026'!$A$4:$ADI$120,MATCH('FY-(26-27)Q3'!$G$2:$H$2,'OCT-2026'!$A$2:$DJ$2,0),0),0) -> 1105039 | H43: =IFERROR(VLOOKUP($A$3:$A$116,'OCT-2026'!$A$4:$ADI$120,MATCH('FY-(26-27)Q3'!$G$2:$H$2,'OCT-2026'!$A$2:$DJ$2,0),0),0) -> 3.6834633 | I43: =IFERROR(VLOOKUP($A$3:$A$116,'[1]NOV-2026'!$A$4:$ADL$124,MATCH('FY-(26-27)Q3'!$I$2:$J$2,'[1]NOV-2026'!$A$2:$DM$2,0),0),0) -> 0 | J43: =IFERROR(VLOOKUP($A$3:$A$116,'[1]NOV-2026'!$A$4:$ADL$124,MATCH('FY-(26-27)Q3'!$I$2:$J$2,'[1]NOV-2026'!$A$2:$DM$2,0),0),0) -> 0 | K43: =IFERROR(VLOOKUP($A$3:$A$116,'[2]DEC-2026'!$A$4:$AEE$125,MATCH('FY-(26-27)Q3'!$K$2:$L$2,'[2]DEC-2026'!$A$2:$EF$2,0),0),0) -> 0 | L43: =IFERROR(VLOOKUP($A$3:$A$116,'[2]DEC-2026'!$A$4:$AEE$125,MATCH('FY-(26-27)Q3'!$K$2:$L$2,'[2]DEC-2026'!$A$2:$EF$2,0),0),0) -> 0 | M43: =G43+I43+K43 -> 1105039 | N43: =H43+J43+L43 -> 3.6834633
A44: P3335 | B44: Sajal Sharma | F44: 1 | G44: =IFERROR(VLOOKUP($A$3:$A$116,'OCT-2026'!$A$4:$ADI$120,MATCH('FY-(26-27)Q3'!$G$2:$H$2,'OCT-2026'!$A$2:$DJ$2,0),0),0) -> 0 | H44: =IFERROR(VLOOKUP($A$3:$A$116,'OCT-2026'!$A$4:$ADI$120,MATCH('FY-(26-27)Q3'!$G$2:$H$2,'OCT-2026'!$A$2:$DJ$2,0),0),0) -> 0 | I44: =IFERROR(VLOOKUP($A$3:$A$116,'[1]NOV-2026'!$A$4:$ADL$124,MATCH('FY-(26-27)Q3'!$I$2:$J$2,'[1]NOV-2026'!$A$2:$DM$2,0),0),0) -> 0 | J44: =IFERROR(VLOOKUP($A$3:$A$116,'[1]NOV-2026'!$A$4:$ADL$124,MATCH('FY-(26-27)Q3'!$I$2:$J$2,'[1]NOV-2026'!$A$2:$DM$2,0),0),0) -> 0 | K44: =IFERROR(VLOOKUP($A$3:$A$116,'[2]DEC-2026'!$A$4:$AEE$125,MATCH('FY-(26-27)Q3'!$K$2:$L$2,'[2]DEC-2026'!$A$2:$EF$2,0),0),0) -> 0 | L44: =IFERROR(VLOOKUP($A$3:$A$116,'[2]DEC-2026'!$A$4:$AEE$125,MATCH('FY-(26-27)Q3'!$K$2:$L$2,'[2]DEC-2026'!$A$2:$EF$2,0),0),0) -> 0 | M44: =G44+I44+K44 -> 0 | N44: =H44+J44+L44 -> 0
A45: P3208 | B45: Sajal Sharma | C45: ODIN | D45: BSEFO | E45: BSEFO | F45: 4 | G45: =IFERROR(VLOOKUP($A$3:$A$116,'OCT-2026'!$A$4:$ADI$120,MATCH('FY-(26-27)Q3'!$G$2:$H$2,'OCT-2026'!$A$2:$DJ$2,0),0),0) -> 85710 | H45: =IFERROR(VLOOKUP($A$3:$A$116,'OCT-2026'!$A$4:$ADI$120,MATCH('FY-(26-27)Q3'!$G$2:$H$2,'OCT-2026'!$A$2:$DJ$2,0),0),0) -> 0.214275 | I45: =IFERROR(VLOOKUP($A$3:$A$116,'[1]NOV-2026'!$A$4:$ADL$124,MATCH('FY-(26-27)Q3'!$I$2:$J$2,'[1]NOV-2026'!$A$2:$DM$2,0),0),0) -> 0 | J45: =IFERROR(VLOOKUP($A$3:$A$116,'[1]NOV-2026'!$A$4:$ADL$124,MATCH('FY-(26-27)Q3'!$I$2:$J$2,'[1]NOV-2026'!$A$2:$DM$2,0),0),0) -> 0 | K45: =IFERROR(VLOOKUP($A$3:$A$116,'[2]DEC-2026'!$A$4:$AEE$125,MATCH('FY-(26-27)Q3'!$K$2:$L$2,'[2]DEC-2026'!$A$2:$EF$2,0),0),0) -> 0 | L45: =IFERROR(VLOOKUP($A$3:$A$116,'[2]DEC-2026'!$A$4:$AEE$125,MATCH('FY-(26-27)Q3'!$K$2:$L$2,'[2]DEC-2026'!$A$2:$EF$2,0),0),0) -> 0 | M45: =G45+I45+K45 -> 85710 | N45: =H45+J45+L45 -> 0.214275
A46: P3119 | B46: Sajal Sharma | C46: ODIN | D46: NSE FO | E46: NSEFO | F46: 4 | G46: =IFERROR(VLOOKUP($A$3:$A$116,'OCT-2026'!$A$4:$ADI$120,MATCH('FY-(26-27)Q3'!$G$2:$H$2,'OCT-2026'!$A$2:$DJ$2,0),0),0) -> 204861 | H46: =IFERROR(VLOOKUP($A$3:$A$116,'OCT-2026'!$A$4:$ADI$120,MATCH('FY-(26-27)Q3'!$G$2:$H$2,'OCT-2026'!$A$2:$DJ$2,0),0),0) -> 0.5121525 | I46: =IFERROR(VLOOKUP($A$3:$A$116,'[1]NOV-2026'!$A$4:$ADL$124,MATCH('FY-(26-27)Q3'!$I$2:$J$2,'[1]NOV-2026'!$A$2:$DM$2,0),0),0) -> 0 | J46: =IFERROR(VLOOKUP($A$3:$A$116,'[1]NOV-2026'!$A$4:$ADL$124,MATCH('FY-(26-27)Q3'!$I$2:$J$2,'[1]NOV-2026'!$A$2:$DM$2,0),0),0) -> 0 | K46: =IFERROR(VLOOKUP($A$3:$A$116,'[2]DEC-2026'!$A$4:$AEE$125,MATCH('FY-(26-27)Q3'!$K$2:$L$2,'[2]DEC-2026'!$A$2:$EF$2,0),0),0) -> 0 | L46: =IFERROR(VLOOKUP($A$3:$A$116,'[2]DEC-2026'!$A$4:$AEE$125,MATCH('FY-(26-27)Q3'!$K$2:$L$2,'[2]DEC-2026'!$A$2:$EF$2,0),0),0) -> 0 | M46: =G46+I46+K46 -> 204861 | N46: =H46+J46+L46 -> 0.5121525
A47: P3417 | B47: Sourav | C47: XTS38 | E47: NSEFO | F47: 0.1 | G47: =IFERROR(VLOOKUP($A$3:$A$116,'OCT-2026'!$A$4:$ADI$120,MATCH('FY-(26-27)Q3'!$G$2:$H$2,'OCT-2026'!$A$2:$DJ$2,0),0),0) -> -2957840 | H47: =IFERROR(VLOOKUP($A$3:$A$116,'OCT-2026'!$A$4:$ADI$120,MATCH('FY-(26-27)Q3'!$G$2:$H$2,'OCT-2026'!$A$2:$DJ$2,0),0),0) -> -2.95784 | I47: =IFERROR(VLOOKUP($A$3:$A$116,'[1]NOV-2026'!$A$4:$ADL$124,MATCH('FY-(26-27)Q3'!$I$2:$J$2,'[1]NOV-2026'!$A$2:$DM$2,0),0),0) -> 0 | J47: =IFERROR(VLOOKUP($A$3:$A$116,'[1]NOV-2026'!$A$4:$ADL$124,MATCH('FY-(26-27)Q3'!$I$2:$J$2,'[1]NOV-2026'!$A$2:$DM$2,0),0),0) -> 0 | K47: =IFERROR(VLOOKUP($A$3:$A$116,'[2]DEC-2026'!$A$4:$AEE$125,MATCH('FY-(26-27)Q3'!$K$2:$L$2,'[2]DEC-2026'!$A$2:$EF$2,0),0),0) -> 0 | L47: =IFERROR(VLOOKUP($A$3:$A$116,'[2]DEC-2026'!$A$4:$AEE$125,MATCH('FY-(26-27)Q3'!$K$2:$L$2,'[2]DEC-2026'!$A$2:$EF$2,0),0),0) -> 0 | M47: =G47+I47+K47 -> -2957840 | N47: =H47+J47+L47 -> -2.95784
B48: Sourav | C48: XTS31 | E48: NSEFO | G48: =IFERROR(VLOOKUP($A$3:$A$116,'OCT-2026'!$A$4:$ADI$120,MATCH('FY-(26-27)Q3'!$G$2:$H$2,'OCT-2026'!$A$2:$DJ$2,0),0),0) -> 0 | H48: =IFERROR(VLOOKUP($A$3:$A$116,'OCT-2026'!$A$4:$ADI$120,MATCH('FY-(26-27)Q3'!$G$2:$H$2,'OCT-2026'!$A$2:$DJ$2,0),0),0) -> 0 | I48: =IFERROR(VLOOKUP($A$3:$A$116,'[1]NOV-2026'!$A$4:$ADL$124,MATCH('FY-(26-27)Q3'!$I$2:$J$2,'[1]NOV-2026'!$A$2:$DM$2,0),0),0) -> 0 | J48: =IFERROR(VLOOKUP($A$3:$A$116,'[1]NOV-2026'!$A$4:$ADL$124,MATCH('FY-(26-27)Q3'!$I$2:$J$2,'[1]NOV-2026'!$A$2:$DM$2,0),0),0) -> 0 | K48: =IFERROR(VLOOKUP($A$3:$A$116,'[2]DEC-2026'!$A$4:$AEE$125,MATCH('FY-(26-27)Q3'!$K$2:$L$2,'[2]DEC-2026'!$A$2:$EF$2,0),0),0) -> 0 | L48: =IFERROR(VLOOKUP($A$3:$A$116,'[2]DEC-2026'!$A$4:$AEE$125,MATCH('FY-(26-27)Q3'!$K$2:$L$2,'[2]DEC-2026'!$A$2:$EF$2,0),0),0) -> 0 | M48: =G48+I48+K48 -> 0 | N48: =H48+J48+L48 -> 0
A49: P3360 | B49: Vidhya sagar | C49: XTS07 | D49: Vidhya sagar | E49: NSEFO | F49: 0.5 | G49: =IFERROR(VLOOKUP($A$3:$A$116,'OCT-2026'!$A$4:$ADI$120,MATCH('FY-(26-27)Q3'!$G$2:$H$2,'OCT-2026'!$A$2:$DJ$2,0),0),0) -> 61459 | H49: =IFERROR(VLOOKUP($A$3:$A$116,'OCT-2026'!$A$4:$ADI$120,MATCH('FY-(26-27)Q3'!$G$2:$H$2,'OCT-2026'!$A$2:$DJ$2,0),0),0) -> 1.22918 | I49: =IFERROR(VLOOKUP($A$3:$A$116,'[1]NOV-2026'!$A$4:$ADL$124,MATCH('FY-(26-27)Q3'!$I$2:$J$2,'[1]NOV-2026'!$A$2:$DM$2,0),0),0) -> 0 | J49: =IFERROR(VLOOKUP($A$3:$A$116,'[1]NOV-2026'!$A$4:$ADL$124,MATCH('FY-(26-27)Q3'!$I$2:$J$2,'[1]NOV-2026'!$A$2:$DM$2,0),0),0) -> 0 | K49: =IFERROR(VLOOKUP($A$3:$A$116,'[2]DEC-2026'!$A$4:$AEE$125,MATCH('FY-(26-27)Q3'!$K$2:$L$2,'[2]DEC-2026'!$A$2:$EF$2,0),0),0) -> 0 | L49: =IFERROR(VLOOKUP($A$3:$A$116,'[2]DEC-2026'!$A$4:$AEE$125,MATCH('FY-(26-27)Q3'!$K$2:$L$2,'[2]DEC-2026'!$A$2:$EF$2,0),0),0) -> 0 | M49: =G49+I49+K49 -> 61459 | N49: =H49+J49+L49 -> 1.22918
A50: P3385 | B50: Vikas Gupta | C50: XTS13 | D50: Vikas Gupta | E50: NSEFO | F50: 5 | G50: =IFERROR(VLOOKUP($A$3:$A$116,'OCT-2026'!$A$4:$ADI$120,MATCH('FY-(26-27)Q3'!$G$2:$H$2,'OCT-2026'!$A$2:$DJ$2,0),0),0) -> 369643 | H50: =IFERROR(VLOOKUP($A$3:$A$116,'OCT-2026'!$A$4:$ADI$120,MATCH('FY-(26-27)Q3'!$G$2:$H$2,'OCT-2026'!$A$2:$DJ$2,0),0),0) -> 0.56868154 | I50: =IFERROR(VLOOKUP($A$3:$A$116,'[1]NOV-2026'!$A$4:$ADL$124,MATCH('FY-(26-27)Q3'!$I$2:$J$2,'[1]NOV-2026'!$A$2:$DM$2,0),0),0) -> 0 | J50: =IFERROR(VLOOKUP($A$3:$A$116,'[1]NOV-2026'!$A$4:$ADL$124,MATCH('FY-(26-27)Q3'!$I$2:$J$2,'[1]NOV-2026'!$A$2:$DM$2,0),0),0) -> 0 | K50: =IFERROR(VLOOKUP($A$3:$A$116,'[2]DEC-2026'!$A$4:$AEE$125,MATCH('FY-(26-27)Q3'!$K$2:$L$2,'[2]DEC-2026'!$A$2:$EF$2,0),0),0) -> 0 | L50: =IFERROR(VLOOKUP($A$3:$A$116,'[2]DEC-2026'!$A$4:$AEE$125,MATCH('FY-(26-27)Q3'!$K$2:$L$2,'[2]DEC-2026'!$A$2:$EF$2,0),0),0) -> 0 | M50: =G50+I50+K50 -> 369643 | N50: =H50+J50+L50 -> 0.56868154
A51: P3386 | B51: Vikas Gupta | C51: XTS15 | D51: Vikas Gupta | E51: NSEFO | F51: 1 | G51: =IFERROR(VLOOKUP($A$3:$A$116,'OCT-2026'!$A$4:$ADI$120,MATCH('FY-(26-27)Q3'!$G$2:$H$2,'OCT-2026'!$A$2:$DJ$2,0),0),0) -> 0 | H51: =IFERROR(VLOOKUP($A$3:$A$116,'OCT-2026'!$A$4:$ADI$120,MATCH('FY-(26-27)Q3'!$G$2:$H$2,'OCT-2026'!$A$2:$DJ$2,0),0),0) -> 0 | I51: =IFERROR(VLOOKUP($A$3:$A$116,'[1]NOV-2026'!$A$4:$ADL$124,MATCH('FY-(26-27)Q3'!$I$2:$J$2,'[1]NOV-2026'!$A$2:$DM$2,0),0),0) -> 0 | J51: =IFERROR(VLOOKUP($A$3:$A$116,'[1]NOV-2026'!$A$4:$ADL$124,MATCH('FY-(26-27)Q3'!$I$2:$J$2,'[1]NOV-2026'!$A$2:$DM$2,0),0),0) -> 0 | K51: =IFERROR(VLOOKUP($A$3:$A$116,'[2]DEC-2026'!$A$4:$AEE$125,MATCH('FY-(26-27)Q3'!$K$2:$L$2,'[2]DEC-2026'!$A$2:$EF$2,0),0),0) -> 0 | L51: =IFERROR(VLOOKUP($A$3:$A$116,'[2]DEC-2026'!$A$4:$AEE$125,MATCH('FY-(26-27)Q3'!$K$2:$L$2,'[2]DEC-2026'!$A$2:$EF$2,0),0),0) -> 0 | M51: =G51+I51+K51 -> 0 | N51: =H51+J51+L51 -> 0
A52: P3110 | B52: Varun tondan | C52: XTS36 | D52: Varun tondan | E52: NSEFO | F52: 2.5 | G52: =IFERROR(VLOOKUP($A$3:$A$116,'OCT-2026'!$A$4:$ADI$120,MATCH('FY-(26-27)Q3'!$G$2:$H$2,'OCT-2026'!$A$2:$DJ$2,0),0),0) -> 311687 | H52: =IFERROR(VLOOKUP($A$3:$A$116,'OCT-2026'!$A$4:$ADI$120,MATCH('FY-(26-27)Q3'!$G$2:$H$2,'OCT-2026'!$A$2:$DJ$2,0),0),0) -> 1.0389567 | I52: =IFERROR(VLOOKUP($A$3:$A$116,'[1]NOV-2026'!$A$4:$ADL$124,MATCH('FY-(26-27)Q3'!$I$2:$J$2,'[1]NOV-2026'!$A$2:$DM$2,0),0),0) -> 0 | J52: =IFERROR(VLOOKUP($A$3:$A$116,'[1]NOV-2026'!$A$4:$ADL$124,MATCH('FY-(26-27)Q3'!$I$2:$J$2,'[1]NOV-2026'!$A$2:$DM$2,0),0),0) -> 0 | K52: =IFERROR(VLOOKUP($A$3:$A$116,'[2]DEC-2026'!$A$4:$AEE$125,MATCH('FY-(26-27)Q3'!$K$2:$L$2,'[2]DEC-2026'!$A$2:$EF$2,0),0),0) -> 0 | L52: =IFERROR(VLOOKUP($A$3:$A$116,'[2]DEC-2026'!$A$4:$AEE$125,MATCH('FY-(26-27)Q3'!$K$2:$L$2,'[2]DEC-2026'!$A$2:$EF$2,0),0),0) -> 0 | M52: =G52+I52+K52 -> 311687 | N52: =H52+J52+L52 -> 1.0389567
A53: P3445 | B53: Umesh Sukija | C53: XTS22 | D53: Umesh Sukija | E53: NSEFO | F53: 0.25 | G53: =IFERROR(VLOOKUP($A$3:$A$116,'OCT-2026'!$A$4:$ADI$120,MATCH('FY-(26-27)Q3'!$G$2:$H$2,'OCT-2026'!$A$2:$DJ$2,0),0),0) -> 51734 | H53: =IFERROR(VLOOKUP($A$3:$A$116,'OCT-2026'!$A$4:$ADI$120,MATCH('FY-(26-27)Q3'!$G$2:$H$2,'OCT-2026'!$A$2:$DJ$2,0),0),0) -> 0.51734 | I53: =IFERROR(VLOOKUP($A$3:$A$116,'[1]NOV-2026'!$A$4:$ADL$124,MATCH('FY-(26-27)Q3'!$I$2:$J$2,'[1]NOV-2026'!$A$2:$DM$2,0),0),0) -> 0 | J53: =IFERROR(VLOOKUP($A$3:$A$116,'[1]NOV-2026'!$A$4:$ADL$124,MATCH('FY-(26-27)Q3'!$I$2:$J$2,'[1]NOV-2026'!$A$2:$DM$2,0),0),0) -> 0 | K53: =IFERROR(VLOOKUP($A$3:$A$116,'[2]DEC-2026'!$A$4:$AEE$125,MATCH('FY-(26-27)Q3'!$K$2:$L$2,'[2]DEC-2026'!$A$2:$EF$2,0),0),0) -> 0 | L53: =IFERROR(VLOOKUP($A$3:$A$116,'[2]DEC-2026'!$A$4:$AEE$125,MATCH('FY-(26-27)Q3'!$K$2:$L$2,'[2]DEC-2026'!$A$2:$EF$2,0),0),0) -> 0 | M53: =G53+I53+K53 -> 51734 | N53: =H53+J53+L53 -> 0.51734
A54: P3415 | B54: Umesh Sukija | C54: XTS40 | D54: Umesh Sukija | E54: NSEFO/BSEFO | F54: 5 | G54: =IFERROR(VLOOKUP($A$3:$A$116,'OCT-2026'!$A$4:$ADI$120,MATCH('FY-(26-27)Q3'!$G$2:$H$2,'OCT-2026'!$A$2:$DJ$2,0),0),0) -> 1067523 | H54: =IFERROR(VLOOKUP($A$3:$A$116,'OCT-2026'!$A$4:$ADI$120,MATCH('FY-(26-27)Q3'!$G$2:$H$2,'OCT-2026'!$A$2:$DJ$2,0),0),0) -> 1.067523 | I54: =IFERROR(VLOOKUP($A$3:$A$116,'[1]NOV-2026'!$A$4:$ADL$124,MATCH('FY-(26-27)Q3'!$I$2:$J$2,'[1]NOV-2026'!$A$2:$DM$2,0),0),0) -> 0 | J54: =IFERROR(VLOOKUP($A$3:$A$116,'[1]NOV-2026'!$A$4:$ADL$124,MATCH('FY-(26-27)Q3'!$I$2:$J$2,'[1]NOV-2026'!$A$2:$DM$2,0),0),0) -> 0 | K54: =IFERROR(VLOOKUP($A$3:$A$116,'[2]DEC-2026'!$A$4:$AEE$125,MATCH('FY-(26-27)Q3'!$K$2:$L$2,'[2]DEC-2026'!$A$2:$EF$2,0),0),0) -> 0 | L54: =IFERROR(VLOOKUP($A$3:$A$116,'[2]DEC-2026'!$A$4:$AEE$125,MATCH('FY-(26-27)Q3'!$K$2:$L$2,'[2]DEC-2026'!$A$2:$EF$2,0),0),0) -> 0 | M54: =G54+I54+K54 -> 1067523 | N54: =H54+J54+L54 -> 1.067523
G55: =SUM(G4:G54) -> 6995756 | I55: =SUM(I4:I54) -> 0 | K55: =SUM(K4:K54) -> 0 | M55: =SUM(M4:M54) -> 6995756
G57: APR | H57: APR ROI | I57: MAY | J57: MAY ROI | K57: JUN | L57: JUN ROI | M57: Q 3 | N57: ROI Q3
A59: P3361 | B59: Nishaanth | C59: ATS | G59: =IFERROR(VLOOKUP($A$3:$A$116,'OCT-2026'!$A$4:$ADI$120,MATCH('FY-(26-27)Q3'!$G$2:$H$2,'OCT-2026'!$A$2:$DJ$2,0),0),0) -> 537920 | H59: =IFERROR(VLOOKUP($A$3:$A$116,'OCT-2026'!$A$4:$ADI$120,MATCH('FY-(26-27)Q3'!$G$2:$H$2,'OCT-2026'!$A$2:$DJ$2,0),0),0) -> 1.7930667 | I59: =IFERROR(VLOOKUP($A$3:$A$116,'[1]NOV-2026'!$A$4:$ADL$124,MATCH('FY-(26-27)Q3'!$I$2:$J$2,'[1]NOV-2026'!$A$2:$DM$2,0),0),0) -> 0 | J59: =IFERROR(VLOOKUP($A$3:$A$116,'[1]NOV-2026'!$A$4:$ADL$124,MATCH('FY-(26-27)Q3'!$I$2:$J$2,'[1]NOV-2026'!$A$2:$DM$2,0),0),0) -> 0 | K59: =IFERROR(VLOOKUP($A$3:$A$116,'[2]DEC-2026'!$A$4:$AEE$125,MATCH('FY-(26-27)Q3'!$K$2:$L$2,'[2]DEC-2026'!$A$2:$EF$2,0),0),0) -> 0 | L59: =IFERROR(VLOOKUP($A$3:$A$116,'[2]DEC-2026'!$A$4:$AEE$125,MATCH('FY-(26-27)Q3'!$K$2:$L$2,'[2]DEC-2026'!$A$2:$EF$2,0),0),0) -> 0 | M59: =G59+I59+K59 -> 537920 | N59: =H59+J59+L59 -> 1.7930667
A60: P3354 | B60: Sahil Rathore | C60: ATS | D60: self | E60: NSEFO | G60: =IFERROR(VLOOKUP($A$3:$A$116,'OCT-2026'!$A$4:$ADI$120,MATCH('FY-(26-27)Q3'!$G$2:$H$2,'OCT-2026'!$A$2:$DJ$2,0),0),0) -> -25994 | H60: =IFERROR(VLOOKUP($A$3:$A$116,'OCT-2026'!$A$4:$ADI$120,MATCH('FY-(26-27)Q3'!$G$2:$H$2,'OCT-2026'!$A$2:$DJ$2,0),0),0) -> 0 | I60: =IFERROR(VLOOKUP($A$3:$A$116,'[1]NOV-2026'!$A$4:$ADL$124,MATCH('FY-(26-27)Q3'!$I$2:$J$2,'[1]NOV-2026'!$A$2:$DM$2,0),0),0) -> 0 | J60: =IFERROR(VLOOKUP($A$3:$A$116,'[1]NOV-2026'!$A$4:$ADL$124,MATCH('FY-(26-27)Q3'!$I$2:$J$2,'[1]NOV-2026'!$A$2:$DM$2,0),0),0) -> 0 | K60: =IFERROR(VLOOKUP($A$3:$A$116,'[2]DEC-2026'!$A$4:$AEE$125,MATCH('FY-(26-27)Q3'!$K$2:$L$2,'[2]DEC-2026'!$A$2:$EF$2,0),0),0) -> 0 | L60: =IFERROR(VLOOKUP($A$3:$A$116,'[2]DEC-2026'!$A$4:$AEE$125,MATCH('FY-(26-27)Q3'!$K$2:$L$2,'[2]DEC-2026'!$A$2:$EF$2,0),0),0) -> 0 | M60: =G60+I60+K60 -> -25994 | N60: =H60+J60+L60 -> 0
G61: =SUM(G59:G60) -> 511926 | I61: =SUM(I59:I60) -> 0 | K61: =SUM(K59:K60) -> 0 | M61: =SUM(M59:M60) -> 511926

Sheet SEP-2026
H2: 46266 | I2: 46267 | J2: 46268 | K2: 46269 | L2: 46272 | M2: 46273 | N2: 46274 | O2: 46275 | P2: 46276 | Q2: 46280 | R2: 46281 | S2: 46282 | T2: 46283 | U2: 46286 | V2: 46287 | W2: 46288 | X2: 46289 | Y2: 46290 | Z2: 46293 | AA2: 46294 | AB2: 46295 | AC2: SEP | AD2: SEP ROI
A3: CODE | B3: NAME | C3: ID | D3: STRATEGY | E3: SEGMENT | F3: FUND | H3: TUE | I3: WED | J3: THU | K3: FRI | L3: MON | M3: TUE | N3: WED | O3: THU | P3: Fri | Q3: TUE | R3: WED | S3: THU | T3: FRI | U3: MON | V3: TUE | W3: WED | X3: THU | Y3: FRI | Z3: MON | AA3: TUE | AB3: WED | AK3: OPT | AL3: 13780
A4: P3389 | B4: Abdul | C4: XTS09 | D4: ATR-Strangle | E4: NSEFO | F4: 0.5 | H4: 0 | I4: -13362 | J4: 1600 | K4: -649 | L4: 8090 | M4: 5321 | N4: -27681 | O4: -22117 | P4: -1063 | Q4: 9212 | R4: -149 | S4: -21850 | T4: -420855 | U4: 34091 | V4: -25668 | W4: -1331 | X4: -14264 | Y4: -17150 | Z4: 53417 | AA4: 3780 | AB4: -26466 | AC4: =SUM(H4:AB4) -> -477094 | AD4: =IFERROR(AC4/F4*100,0)/10000000 -> -9.54188 | AK4: FUTURE EXP | AL4: 2865
A5: P2951 | B5: Aman Aggarwal | C5: XTS01 | D5: 20_60 | E5: NSEFO | F5: 3 | H5: -170827 | I5: 31407 | J5: 31240 | K5: 73349 | L5: 38045 | M5: 22400 | N5: -11568 | O5: 80488 | P5: -190900 | Q5: 182819 | R5: 81831 | S5: -92500 | T5: 144762 | U5: 32233 | V5: -100079 | W5: 59283 | X5: -163262 | Y5: 14537 | Z5: 225020 | AA5: 0 | AB5: -129367 | AC5: =SUM(H5:AB5) -> 158911 | AD5: =IFERROR(AC5/F5*100,0)/10000000 -> 0.52970333
A6: P2967 | B6: Aman Aggarwal | C6: ATS1516 | D6: 20_60 | E6: NSEFO | F6: 1 | H6: 0 | I6: 0 | J6: 0 | K6: 0 | L6: 11900 | M6: 0 | N6: -18730 | O6: 0 | P6: 0 | Q6: 0 | R6: 0 | S6: 0 | T6: 0 | U6: 0 | V6: 0 | W6: 0 | X6: 0 | Y6: 0 | Z6: 0 | AA6: 0 | AB6: 0 | AC6: =SUM(H6:AB6) -> -6830 | AD6: =IFERROR(AC6/F6*100,0)/10000000 -> -0.0683
A7: P2990 | B7: Aman Aggarwal | C7: ATS1532 | D7: new strategy_48 | E7: NSEFO | F7: 1 | H7: -63700 | I7: 13000 | J7: 0 | K7: 37000 | L7: 31000 | M7: 0 | N7: 6500 | O7: 28500 | P7: 447 | Q7: 29500 | R7: 23300 | S7: -85900 | T7: 56700 | U7: -13800 | V7: 1560 | W7: 23000 | X7: 27122 | Y7: -38700 | Z7: 0 | AA7: 0 | AB7: -182925 | AC7: =SUM(H7:AB7) -> -107396 | AD7: =IFERROR(AC7/F7*100,0)/10000000 -> -1.07396
A8: P3166 | B8: Aman Dohre | C8: XTS03 | D8: MACD/Direction | E8: STOCK OP | F8: 3 | H8: 179600 | I8: -26565 | J8: -45278 | K8: -46000 | L8: -59835 | M8: 25445 | N8: -46828 | O8: 94220 | P8: -131800 | Q8: 121400 | R8: -30125 | S8: -78630 | T8: 3450 | U8: 81400 | V8: 17000 | W8: 13000 | X8: 65900 | Y8: -123415 | Z8: -196500 | AA8: -21135 | AB8: -157365 | AC8: =SUM(H8:AB8) -> -362061 | AD8: =IFERROR(AC8/F8*100,0)/10000000 -> -1.20687 | AG8: -119642
A9: P3390 | B9: Aman Dohre | C9: XTS34 | D9: NSE FO | E9: NSEFO | F9: 1.5 | H9: 59398 | I9: -14500 | J9: 36650 | K9: -5025 | L9: 18806 | M9: -500 | N9: -34321 | O9: 4630 | P9: 17255 | Q9: 30940 | R9: -63430 | S9: -31200 | T9: -20828 | U9: 32323 | V9: 34000 | W9: -5914 | X9: 18458 | Y9: -12117 | Z9: 11354 | AA9: 0 | AB9: -8756 | AC9: =SUM(H9:AB9) -> 67223 | AD9: =IFERROR(AC9/F9*100,0)/10000000 -> 0.44815333 | AF9: 3588406
A10: P3390_1 | B10: Aman Dohre | C10: ATS1507 | D10: NSE FO | F10: 0.6 | H10: 8234 | I10: -21600 | J10: 21640 | K10: 2000 | L10: 8920 | M10: 2577 | N10: -1822 | O10: 2900 | P10: 8888 | Q10: 9100 | R10: -31500 | S10: -900 | T10: -18262 | U10: 43007 | V10: 19188 | W10: -19806 | X10: 26000 | Y10: 25600 | Z10: 0 | AA10: 0 | AB10: 18156 | AC10: =SUM(H10:AB10) -> 102320 | AD10: =IFERROR(AC10/F10*100,0)/10000000 -> 1.7053333 | AF10: 3468764 | AG10: =(AF10+AF9)/10000000*13780 -> 9724.7803
A11: P3117 | B11: Ansh Aggarwal | C11: ATS_1007 | D11: Falcon | E11: NSEFO | F11: 15 | H11: -413740 | I11: 0 | J11: 0 | K11: 27700 | L11: 59800 | M11: 87600 | N11: 0 | O11: -8276 | P11: -182170 | Q11: -335162 | R11: 0 | S11: 4326 | T11: 0 | U11: 40700 | V11: 56788 | W11: 0 | X11: 0 | Y11: 17500 | Z11: 0 | AA11: 45000 | AB11: 16600 | AC11: =SUM(H11:AB11) -> -583334 | AD11: =IFERROR(AC11/F11*100,0)/10000000 -> -0.38888933
A12: P3323_1 | B12: Amit&Kartik | C12: XTS35 | D12: Strangle/Spread | E12: NSEFO | F12: 6 | H12: -61243 | I12: 50 | J12: -50942 | K12: 0 | L12: 80 | M12: -7456 | N12: 0 | O12: -400 | P12: 50 | Q12: 145167 | R12: -100 | S12: -35135 | T12: 0 | U12: 19322 | V12: 4272 | W12: 0 | X12: -30000 | Y12: 50 | Z12: -4973 | AA12: 8864 | AB12: 0 | AC12: =SUM(H12:AB12) -> -12394 | AD12: =IFERROR(AC12/F12*100,0)/10000000 -> -0.020656667
A13: P2827 | B13: Bharat | C13: UT | D13: ETF | E13: CASH | F13: 1 | H13: -4458 | I13: -2649 | J13: 3000 | K13: 1467 | L13: -2290 | M13: 365 | N13: -161 | O13: 190 | P13: -2915 | Q13: -2745 | R13: 2399 | S13: 0 | T13: 3861 | U13: -1101 | V13: -1410 | W13: 50 | X13: -3513 | Y13: 1746 | Z13: -5989 | AA13: -1061 | AB13: 694 | AC13: =SUM(H13:AB13) -> -14520 | AD13: =IFERROR(AC13/F13*100,0)/10000000 -> -0.1452
A14: P3090 | B14: Bharat | C14: XTS04 | D14: STRADDLE | E14: NSEFO | F14: 2.5 | H14: 724 | I14: 0 | J14: -3828 | K14: 8298 | L14: 3141 | M14: 5219 | N14: 0 | O14: 9114 | P14: 0 | Q14: -8766 | R14: -10140 | S14: -16054 | T14: 10240 | U14: -6096 | V14: -15426 | W14: 6772 | X14: 0 | Y14: 25406 | Z14: -4158 | AA14: -2781 | AB14: -30351 | AC14: =SUM(H14:AB14) -> -28686 | AD14: =IFERROR(AC14/F14*100,0)/10000000 -> -0.114744
A15: P2954 | B15: Yogesh | C15: XTS39 | D15: STRADDLE | E15: NSEFO | F15: 2.2 | H15: -4897 | I15: 0 | J15: -100 | K15: 11194 | L15: 3225 | M15: 3927 | N15: 0 | O15: 8417 | P15: 0 | Q15: -8566 | R15: -6220 | S15: -17616 | T15: 10247 | U15: -3845 | V15: -16614 | W15: 7234 | X15: 0 | Y15: 29112 | Z15: -4184 | AA15: -3146 | AB15: -34983 | AC15: =SUM(H15:AB15) -> -26815 | AD15: =IFERROR(AC15/F15*100,0)/10000000 -> -0.12188636 | AG15: =AG8-AG10 -> -129366.78 | AJ15: 116185 | AL15: =AJ15+AG15 -> -13181.78
A16: P3079 | B16: Yogesh | C16: UT | D16: ETF | E16: CASH | F16: 1 | H16: -11113 | I16: -3245 | J16: 7937 | K16: 5065 | L16: -7918 | M16: 6627 | N16: -4941 | O16: -4200 | P16: 7421 | Q16: -27500 | R16: 5959 | S16: 7570 | T16: 21453 | U16: 250 | V16: -8817 | W16: 9571 | X16: -19300 | Y16: 5254 | Z16: -26788 | AA16: -4990 | AB16: -866 | AC16: =SUM(H16:AB16) -> -42571 | AD16: =IFERROR(AC16/F16*100,0)/10000000 -> -0.42571
A17: P2817 | B17: DK Sir_M | C17: S1504 | D17: Maximum | E17: NSEFO | F17: 2.5 | H17: 0 | I17: 0 | J17: 0 | K17: 0 | L17: 0 | M17: 0 | N17: -32641 | O17: 0 | P17: 0 | Q17: 42220 | R17: 0 | S17: -22321 | T17: 0 | U17: 0 | V17: 24714 | W17: 0 | X17: 72000 | Y17: 0 | Z17: 0 | AA17: 0 | AB17: 0 | AC17: =SUM(H17:AB17) -> 83972 | AD17: =IFERROR(AC17/F17*100,0)/10000000 -> 0.335888 | AL17: 4000000 | AM17: =AL17*7/100 -> 280000 | AO17: =15*12 -> 180
A18: P2792 | B18: DK Sir_T | C18: S1502 | D18: ThanosNF | E18: NSEFO | F18: 4 | H18: 0 | I18: 0 | J18: 0 | K18: 0 | L18: -1657 | M18: 1600 | N18: -48000 | O18: 0 | P18: 0 | Q18: 61600 | R18: 0 | S18: -38652 | T18: 0 | U18: 0 | V18: -60116 | W18: 0 | X18: 26900 | Y18: 0 | Z18: 0 | AA18: 0 | AB18: 0 | AC18: =SUM(H18:AB18) -> -58325 | AD18: =IFERROR(AC18/F18*100,0)/10000000 -> -0.1458125 | AM18: =AM17/12 -> 23333.333
A19: P3311 | B19: Himansu Pal | C19: ATS_1510 | D19: Directional | E19: NSEFO | F19: 1.5 | H19: 17500 | I19: -31966 | J19: 17400 | K19: 7586 | L19: 40075 | M19: -1738 | N19: -62019 | O19: 13500 | P19: -140844 | Q19: 13508 | R19: -73400 | S19: -81145 | T19: 42700 | U19: -9354 | V19: 170513 | W19: 28425 | X19: -22515 | Y19: -72925 | Z19: 48100 | AA19: 0 | AB19: 650 | AC19: =SUM(H19:AB19) -> -95949 | AD19: =IFERROR(AC19/F19*100,0)/10000000 -> -0.63966
A20: P3181 | B20: Harshit | C20: XTS32 | D20: SELF | E20: NSEFO | F20: 1.1 | H20: 9433 | I20: 0 | J20: -11491 | K20: 0 | L20: 1670 | M20: 700 | N20: 10000 | O20: 25655 | P20: -28662 | Q20: -29599 | R20: -52025 | S20: 0 | T20: 0 | U20: 41261 | V20: 19635 | W20: 26807 | X20: -73422 | Y20: 10361 | Z20: -64520 | AA20: 0 | AB20: 84428 | AC20: =SUM(H20:AB20) -> -29769 | AD20: =IFERROR(AC20/F20*100,0)/10000000 -> -0.27062727 | AH20: -132700
A21: P3400 | B21: Aman sharma | C21: XTS37 | D21: SELF | E21: NSEFO | F21: 0.25 | H21: 4737 | I21: -3466 | J21: 2500 | K21: -8570 | L21: 4268 | M21: 6521 | N21: 0 | O21: 20992 | P21: -23384 | Q21: -23681 | R21: 580 | S21: -13500 | T21: 7233 | U21: 18527 | V21: 37130 | W21: -3785 | X21: -4756 | Y21: 3174 | Z21: 0 | AA21: -11007 | AB21: 5260 | AC21: =SUM(H21:AB21) -> 18773 | AD21: =IFERROR(AC21/F21*100,0)/10000000 -> 0.75092 | AH21: -52140
A22: P3091 | B22: Hardik | C22: XTS010 | D22: SELF | E22: NSEFO | F22: 2 | H22: -1048 | I22: 6953 | J22: 2574 | K22: -1344 | L22: -2921 | M22: -3207 | N22: 0 | O22: 0 | P22: 0 | Q22: 0 | R22: 0 | S22: 0 | T22: -714 | U22: -6082 | V22: -201 | W22: -2500 | X22: 801 | Y22: 0 | Z22: 0 | AA22: 0 | AB22: 0 | AC22: =SUM(H22:AB22) -> -7689 | AD22: =IFERROR(AC22/F22*100,0)/10000000 -> -0.038445 | AH22: 0
A23: P3408 | B23: Hardik | C23: XTS20 | D23: SELF | E23: NSEFO | F23: 0.25 | H23: 0 | I23: 0 | J23: 0 | K23: 260 | L23: 80 | M23: 0 | N23: 0 | O23: 0 | P23: 0 | Q23: 0 | R23: 0 | S23: 0 | T23: 0 | U23: 144 | V23: 497 | W23: -900 | X23: -100 | Y23: 0 | Z23: 0 | AA23: 0 | AB23: 0 | AC23: =SUM(H23:AB23) -> -19 | AD23: =IFERROR(AC23/F23*100,0)/10000000 -> -0.00076
A24: P3109 | B24: Jyoti Prakesh | C24: XTS30 | D24: Straddle | E24: NSEFO | F24: 1.1 | H24: 9208 | I24: 700 | J24: 6060 | K24: 8477 | L24: 6822 | M24: -1500 | N24: 18235 | O24: 19473 | P24: -41546 | Q24: -5250 | R24: -32214 | S24: 9741 | T24: 0 | U24: 13962 | V24: -24000 | W24: 10739 | X24: -5516 | Y24: -33155 | Z24: 12740 | AA24: -500 | AB24: -5867 | AC24: =SUM(H24:AB24) -> -33391 | AD24: =IFERROR(AC24/F24*100,0)/10000000 -> -0.30355455
A25: P3146 | B25: Jinesh Jain | C25: CQS5 | D25: CASH | E25: CASH | F25: 2.3 | H25: -244000 | I25: -162700 | J25: -200 | K25: -105800 | L25: -169700 | M25: -41112 | N25: -132811 | O25: -26800 | P25: -144000 | Q25: -470000 | R25: 48600 | S25: 181200 | T25: 184377 | U25: 27500 | V25: -46788 | W25: 71808 | X25: -242145 | Y25: 57426 | Z25: -281400 | AA25: -112701 | AB25: -3292 | AC25: =SUM(H25:AB25) -> -1612538 | AD25: =IFERROR(AC25/F25*100,0)/10000000 -> -7.0110348
A26: P3434 | B26: Kapil Kumar | C26: ATS_1529 | E26: NSEFO | F26: 0.2 | H26: 1765 | I26: 2038 | J26: 1257 | K26: -1640 | L26: 1580 | M26: 1768 | N26: -4426 | O26: 2020 | P26: 1432 | Q26: -1700 | R26: 1700 | S26: 1785 | T26: -3200 | U26: 1623 | V26: -6455 | W26: 663 | X26: 2287 | Y26: -31655 | Z26: 2980 | AA26: 0 | AB26: 2808 | AC26: =SUM(H26:AB26) -> -23370 | AD26: =IFERROR(AC26/F26*100,0)/10000000 -> -1.1685
A27: P2105 | B27: Kamlesh | C27: S1501 | D27: Wanda | E27: NSEFO | F27: 5 | H27: 39000 | I27: 0 | J27: 0 | K27: 0 | L27: 7600 | M27: 1500 | N27: -95100 | O27: 0 | P27: 0 | Q27: 81666 | R27: 0 | S27: -65000 | T27: 0 | U27: 0 | V27: -184000 | W27: 0 | X27: -45000 | Y27: 0 | Z27: -1100 | AA27: 0 | AB27: 0 | AC27: =SUM(H27:AB27) -> -260434 | AD27: =IFERROR(AC27/F27*100,0)/10000000 -> -0.520868
A28: P3024 | B28: Kartaram | C28: ATS_1005 | D28: Spider 2.0 | E28: NSEFO | F28: 10 | H28: -9140 | I28: -102505 | J28: 184400 | K28: -205430 | L28: 22180 | M28: 84000 | N28: -10651 | O28: 7930 | P28: -431450 | Q28: -290000 | R28: -481200 | S28: -443700 | T28: 0 | U28: 0 | V28: -7365 | W28: 0 | X28: -27500 | Y28: 0 | Z28: 3500 | AA28: -73140 | AB28: 0 | AC28: =SUM(H28:AB28) -> -1780071 | AD28: =IFERROR(AC28/F28*100,0)/10000000 -> -1.780071
A29: P3202 | B29: Gagandeep | C29: XTS12 | D29: SELF | E29: NSEFO | F29: 5 | H29: -455000 | I29: 0 | J29: -20000 | K29: 0 | L29: 0 | M29: 256217 | N29: 2100 | O29: -92200 | P29: 0 | Q29: -33106 | R29: 0 | S29: -33000 | T29: 0 | U29: 0 | V29: -357652 | W29: 0 | X29: -346151 | Y29: 0 | Z29: 0 | AA29: 262500 | AB29: 0 | AC29: =SUM(H29:AB29) -> -816292 | AD29: =IFERROR(AC29/F29*100,0)/10000000 -> -1.632584
A30: P3020 | B30: Mahavir Jindal | C30: XTS02 | D30: SELF | E30: NSEFO | F30: 5 | H30: -176663 | I30: 3891 | J30: -135 | K30: 163183 | L30: 50598 | M30: 104979 | N30: -138000 | O30: 102550 | P30: 37112 | Q30: 18328 | R30: -100709 | S30: -184894 | T30: 182425 | U30: 42524 | V30: -107004 | W30: 574 | X30: -42219 | Y30: -32505 | Z30: 97228 | AA30: 76911 | AB30: -304972 | AC30: =SUM(H30:AB30) -> -206798 | AD30: =IFERROR(AC30/F30*100,0)/10000000 -> -0.413596
A31: P3341 | B31: Maneesh Yadav | C31: XTS18 | D31: Theta Dominance | E31: NSEFO | F31: 1 | H31: -37540 | I31: -42207 | J31: -18371 | K31: -5269 | L31: 14000 | M31: 16250 | N31: -46322 | O31: -4565 | P31: -21920 | Q31: 15560 | R31: -55712 | S31: -11425 | T31: 22325 | U31: 37021 | V31: -16264 | W31: 3874 | X31: 39831 | Y31: -32000 | Z31: 51000 | AA31: 0 | AB31: -24847 | AC31: =SUM(H31:AB31) -> -116581 | AD31: =IFERROR(AC31/F31*100,0)/10000000 -> -1.16581
A32: P2971_2 | B32: Neeraj Garg | C32: S1514 | D32: ACE1 | E32: NSEFO | F32: 0.4 | H32: 0 | I32: 9510 | J32: -924 | K32: -9429 | L32: -16229 | M32: 50168 | N32: 8433 | O32: 10192 | P32: 44092 | Q32: 44376 | R32: -24900 | S32: -6308 | T32: 14932 | U32: -4676 | V32: 38600 | W32: -10964 | X32: 25400 | Y32: -40297 | Z32: 29288 | AA32: 0 | AB32: -15646 | AC32: =SUM(H32:AB32) -> 145618 | AD32: =IFERROR(AC32/F32*100,0)/10000000 -> 3.64045
A33: P2940 | B33: Prince | C33: ATS1506 | D33: NSEFO | E33: CASH/FO | F33: 0.5 | H33: 0 | I33: 0 | J33: 0 | K33: 0 | L33: 0 | M33: 0 | N33: 0 | O33: 0 | P33: 0 | Q33: 0 | R33: 0 | S33: 0 | T33: 0 | U33: 0 | V33: 0 | W33: 0 | X33: 0 | Y33: 0 | Z33: 0 | AA33: 0 | AB33: 0 | AC33: =SUM(H33:AB33) -> 0 | AD33: =IFERROR(AC33/F33*100,0)/10000000 -> 0 | AG33: -440165
A34: P3347 | B34: Prince | C34: NEST | D34: NSEFO | E34: NSEFO | F34: 0.5 | H34: 0 | I34: 0 | J34: 0 | K34: 0 | L34: 0 | M34: 0 | N34: 0 | O34: 0 | P34: 0 | Q34: 0 | R34: 0 | S34: 0 | T34: 0 | U34: 0 | V34: 0 | W34: 0 | X34: 0 | Y34: 0 | Z34: 0 | AA34: 0 | AB34: 0 | AC34: =SUM(H34:AB34) -> 0 | AD34: =IFERROR(AC34/F34*100,0)/10000000 -> 0
A35: P3070 | B35: Prateek | C35: ATS_1504 | D35: Smart Strangle | E35: NSEFO | F35: 4 | H35: -45755 | I35: -88146 | J35: 49649 | K35: -54126 | L35: 49670 | M35: 11813 | N35: -57818 | O35: 5239 | P35: 3072 | Q35: 9822 | R35: -14983 | S35: -31590 | T35: 6576 | U35: -3230 | V35: 87301 | W35: -90644 | X35: 30800 | Y35: -32760 | Z35: 50400 | AA35: 0 | AB35: -866 | AC35: =SUM(H35:AB35) -> -115576 | AD35: =IFERROR(AC35/F35*100,0)/10000000 -> -0.28894 | AF35: 8851107 | AG35: =(AF36+AF35)/10000000*13780 -> 23773.324
A36: P2999 | B36: Prateek | C36: ATS_1519 | D36: ETF | E36: ETF | F36: 1 | H36: -30970 | I36: -23605 | J36: 47158 | K36: 3870 | L36: -24318 | M36: 6866 | N36: -29330 | O36: -5138 | P36: -32612 | Q36: -120800 | R36: 17600 | S36: 30200 | T36: 80456 | U36: -1381 | V36: -23868 | W36: 43925 | X36: -88681 | Y36: 4354 | Z36: -98050 | AA36: -34710 | AB36: -10142 | AC36: =SUM(H36:AB36) -> -289176 | AD36: =IFERROR(AC36/F36*100,0)/10000000 -> -2.89176 | AF36: 8400942
A37: P3000 | B37: Prateek | C37: XTS19 | D37: NSEFO | E37: NSEFO | H37: 0 | I37: 0 | J37: 0 | K37: 0 | L37: 0 | M37: 0 | N37: 0 | O37: 0 | P37: 0 | Q37: 0 | R37: 0 | S37: 0 | T37: 0 | U37: 0 | V37: 0 | W37: 0 | X37: 0 | Y37: 0 | Z37: 0 | AA37: 0 | AB37: 0 | AC37: =SUM(H37:AB37) -> 0 | AD37: =IFERROR(AC37/F37*100,0)/10000000 -> 0 | AG37: =+AG33-AG35 -> -463938.32
A38: P3186 | B38: Prateek | C38: XTS17 | D38: Opton | E38: NSEFO | F38: 0.5 | H38: 0 | I38: -13160 | J38: -15600 | K38: -680 | L38: 12908 | M38: 11984 | N38: -6200 | O38: -9128 | P38: 3788 | Q38: 8133 | R38: -5240 | S38: 52612 | T38: -8156 | U38: 19040 | V38: 12587 | W38: -3770 | X38: -5817 | Y38: -24425 | Z38: 33700 | AA38: 1560 | AB38: -26000 | AC38: =SUM(H38:AB38) -> 38136 | AD38: =IFERROR(AC38/F38*100,0)/10000000 -> 0.76272
A39: P3168 | B39: Prabjot singh | C39: ATS_1502 | D39: Direction range | E39: NSEFO | F39: 3 | H39: 0 | I39: 0 | J39: 0 | K39: 0 | L39: 0 | M39: 0 | N39: 0 | O39: 0 | P39: 0 | Q39: 0 | R39: 0 | S39: 0 | T39: 0 | U39: 0 | V39: 0 | W39: 0 | X39: 0 | Y39: 0 | Z39: 0 | AA39: 0 | AB39: 0 | AC39: =SUM(H39:AB39) -> 0 | AD39: =IFERROR(AC39/F39*100,0)/10000000 -> 0
A40: P3135 | B40: Piyush Singhal | C40: ATS_1509 | D40: Directional strangle | E40: NSEFO | F40: 3 | H40: -71306 | I40: 12600 | J40: 2300 | K40: -48027 | L40: 39050 | M40: 17728 | N40: 31677 | O40: 0 | P40: 13700 | Q40: 58211 | R40: -83825 | S40: -44514 | T40: 79156 | U40: 34906 | V40: -30000 | W40: 5235 | X40: 26717 | Y40: -11376 | Z40: 117000 | AA40: 0 | AB40: 6200 | AC40: =SUM(H40:AB40) -> 155432 | AD40: =IFERROR(AC40/F40*100,0)/10000000 -> 0.51810667
A41: P3152 | B41: Rashil Khetan | C41: XTS29 | E41: NSEFO | F41: 0.1 | H41: 30690 | I41: -9266 | J41: -1079 | K41: 14970 | L41: -8091 | M41: -30106 | N41: -41487 | O41: -20744 | P41: 25334 | Q41: -21750 | R41: 0 | S41: 0 | T41: 0 | U41: -5072 | V41: 21462 | W41: 8384 | X41: 425 | Y41: 24020 | Z41: 9121 | AA41: 0 | AB41: 0 | AC41: =SUM(H41:AB41) -> -3189 | AD41: =IFERROR(AC41/F41*100,0)/10000000 -> -0.3189
A42: P3342 | B42: Raghav Tuli | C42: ATS1526 | D42: Flaxi trade | E42: NSEFO | F42: 0.5 | H42: 0 | I42: -3990 | J42: 6275 | K42: -1908 | L42: -4245 | M42: 0 | N42: -14900 | O42: -1051 | P42: 8722 | Q42: 20519 | R42: -15800 | S42: -7355 | T42: 1034 | U42: -14906 | V42: 12212 | W42: 4282 | X42: 2086 | Y42: -31655 | Z42: 16800 | AA42: 0 | AB42: -14480 | AC42: =SUM(H42:AB42) -> -38360 | AD42: =IFERROR(AC42/F42*100,0)/10000000 -> -0.7672
A43: P3082 | B43: Ramakar Jha | C43: ATS_1503 | D43: CASH | E43: CASH | F43: 1 | H43: -49700 | I43: -66367 | J43: 80500 | K43: -34150 | L43: 15150 | M43: 45690 | N43: -47330 | O43: 87600 | P43: -165000 | Q43: -316146 | R43: -13600 | S43: 25400 | T43: 229212 | U43: -12181 | V43: -1022 | W43: 64900 | X43: -187176 | Y43: 90722 | Z43: -144280 | AA43: -132700 | AB43: -227350 | AC43: =SUM(H43:AB43) -> -757828 | AD43: =IFERROR(AC43/F43*100,0)/10000000 -> -7.57828
A44: P3433 | B44: Sanchit | C44: ATS_1528 | E44: NSEFO | F44: 0.1 | H44: 7256 | I44: -4040 | J44: 3264 | K44: 974 | L44: 1303 | M44: 394 | N44: -6453 | O44: -500 | P44: -1652 | Q44: 11400 | R44: -4699 | S44: 534 | T44: 2268 | U44: 0 | V44: 8652 | W44: -1612 | X44: -712 | Y44: -16400 | Z44: 4560 | AA44: 0 | AB44: 12300 | AC44: =SUM(H44:AB44) -> 16837 | AD44: =IFERROR(AC44/F44*100,0)/10000000 -> 1.6837
A45: P3208 | B45: Sajal Sharma | C45: Odin | D45: BSEFO | E45: BSEFO | F45: 4 | H45: 0 | I45: 5133 | J45: -161258 | K45: 0 | L45: 0 | M45: 0 | N45: 0 | O45: 0 | P45: 0 | Q45: 0 | R45: -29500 | S45: -42504 | T45: 0 | U45: 0 | V45: 0 | W45: 0 | X45: 50800 | Y45: 0 | Z45: 0 | AA45: 0 | AB45: -8000 | AC45: =SUM(H45:AB45) -> -185329 | AD45: =IFERROR(AC45/F45*100,0)/10000000 -> -0.4633225
A46: P3119 | B46: Sajal Sharma | C46: Odin | D46: NSE FO | E46: NSEFO | F46: 4 | H46: 27000 | I46: -1041 | J46: 5300 | K46: 8481 | L46: 0 | M46: -106345 | N46: 0 | O46: -6600 | P46: 0 | Q46: -3600 | R46: 0 | S46: 0 | T46: 0 | U46: 0 | V46: 0 | W46: 0 | X46: 0 | Y46: 0 | Z46: -6300 | AA46: 0 | AB46: -800 | AC46: =SUM(H46:AB46) -> -83905 | AD46: =IFERROR(AC46/F46*100,0)/10000000 -> -0.2097625
A47: P3048 | B47: Shahid | C47: XTS05 | D47: Shahid | E47: NSEFO | F47: 3 | H47: 15088 | I47: -61960 | J47: 79536 | K47: -16640 | L47: -15194 | M47: 28061 | N47: -183866 | O47: 22209 | P47: 388268 | Q47: 416846 | R47: -296157 | S47: -211473 | T47: 70842 | U47: 26462 | V47: -37612 | W47: 63808 | X47: 241500 | Y47: -188394 | Z47: 204963 | AA47: 96636 | AB47: -463938 | AC47: =SUM(H47:AB47) -> 178985 | AD47: =IFERROR(AC47/F47*100,0)/10000000 -> 0.59661667
A48: P3417 | B48: Sourav | C48: XTS38/ATS | E48: NSEFO | F48: 10 | H48: -405100 | I48: 64400 | J48: -30800 | K48: 86600 | L48: 44400 | M48: -152025 | N48: 83800 | O48: -910511 | P48: 458900 | Q48: 52400 | R48: 54600 | S48: 219000 | T48: 571611 | U48: 268100 | V48: -8000 | W48: 230000 | X48: -26700 | Y48: 4232 | Z48: -171400 | AA48: 306000 | AB48: -667256 | AC48: =SUM(H48:AB48) -> 72251 | AD48: =IFERROR(AC48/F48*100,0)/10000000 -> 0.072251
A49: NA | B49: Sourav | C49: XTS31 | E49: NSEFO | H49: 0 | I49: 0 | J49: 0 | K49: 0 | L49: 0 | M49: 0 | N49: 0 | O49: 0 | P49: 0 | Q49: 0 | R49: 0 | S49: 0 | T49: 0 | U49: 0 | V49: 0 | W49: 0 | X49: 0 | Y49: 0 | Z49: 0 | AA49: 0 | AB49: 0 | AC49: =SUM(H49:AB49) -> 0 | AD49: =IFERROR(AC49/F49*100,0)/10000000 -> 0
A50: P3360 | B50: Vidhya sagar | C50: XTS07 | D50: Straddle Short | E50: NSEFO | F50: 0.5 | H50: 12773 | I50: 1824 | J50: 335 | K50: -10394 | L50: -4300 | M50: 18690 | N50: 5200 | O50: 14401 | P50: -27401 | Q50: 19542 | R50: -100 | S50: 4098 | T50: 0 | U50: -6096 | V50: -17353 | W50: 700 | X50: -5675 | Y50: 0 | Z50: 5720 | AA50: 0 | AB50: -900 | AC50: =SUM(H50:AB50) -> 11064 | AD50: =IFERROR(AC50/F50*100,0)/10000000 -> 0.22128
A51: P3385 | B51: Vikas Gupta | C51: XTS13 | D51: Vikas Gupta | E51: NSEFO | F51: 6.5 | H51: -152273 | I51: 0 | J51: 0 | K51: 0 | L51: 0 | M51: 40800 | N51: -7308 | O51: 153270 | P51: 0 | Q51: -652202 | R51: -500 | S51: 36340 | T51: 0 | U51: 0 | V51: -337539 | W51: 0 | X51: -4718 | Y51: 0 | Z51: 6747 | AA51: 20560 | AB51: 0 | AC51: =SUM(H51:AB51) -> -896823 | AD51: =IFERROR(AC51/F51*100,0)/10000000 -> -1.3797277
A52: P3386 | B52: Vikas Gupta | C52: XTS15 | D52: Vikas Gupta | E52: NSEFO | F52: 1.25 | H52: 31488 | I52: -28440 | J52: -160784 | K52: 0 | L52: 0 | M52: -540 | N52: 0 | O52: 0 | P52: 0 | Q52: 0 | R52: 0 | S52: 0 | T52: 0 | U52: 0 | V52: 0 | W52: 0 | X52: 0 | Y52: 0 | Z52: 0 | AA52: 0 | AB52: 0 | AC52: =SUM(H52:AB52) -> -158276 | AD52: =IFERROR(AC52/F52*100,0)/10000000 -> -1.266208
A53: P3110 | B53: Varun tondan | C53: XTS36 | D53: Varun tondan | E53: NSEFO | F53: 3 | H53: -121091 | I53: 0 | J53: 14450 | K53: 0 | L53: 0 | M53: -30409 | N53: 0 | O53: -41730 | P53: 0 | Q53: 4264 | R53: 0 | S53: -42834 | T53: 0 | U53: 0 | V53: 6200 | W53: 0 | X53: 46763 | Y53: 0 | Z53: 0 | AA53: 0 | AB53: 0 | AC53: =SUM(H53:AB53) -> -164387 | AD53: =IFERROR(AC53/F53*100,0)/10000000 -> -0.54795667
A54: P3432 | B54: Umesh Sukija | C54: ATS_1527 | E54: NSEFO | F54: 1.5 | H54: -14700 | I54: 9455 | J54: 13380 | K54: 0 | L54: 0 | M54: 3265 | N54: 0 | O54: 0 | P54: 0 | Q54: 0 | R54: 0 | S54: 0 | T54: 0 | U54: 0 | V54: 0 | W54: 0 | X54: 0 | Y54: 0 | Z54: 0 | AA54: 0 | AB54: 0 | AC54: =SUM(H54:AB54) -> 11400 | AD54: =IFERROR(AC54/F54*100,0)/10000000 -> 0.076
B55: Umesh Sukija | C55: XTS22 | E55: NSEFO | W55: 0 | X55: 5526 | Y55: 0 | Z55: -360 | AA55: 0 | AB55: -2106 | AC55: =SUM(H55:AB55) -> 3060 | AD55: =IFERROR(AC55/F55*100,0)/10000000 -> 0
A56: P3415 | B56: Umesh Sukija | C56: XTS40 | E56: NSEFO | F56: 5 | H56: -34030 | I56: 32229 | J56: 43947 | K56: 6100 | L56: 28900 | M56: 14300 | N56: -7772 | O56: -89336 | P56: 9600 | Q56: 18190 | R56: -13500 | S56: 14150 | T56: 51605 | U56: -5500 | V56: -15900 | W56: 10200 | X56: 5700 | Y56: -54300 | Z56: -8000 | AA56: 3600 | AB56: -8735 | AC56: =SUM(H56:AB56) -> 1448 | AD56: =IFERROR(AC56/F56*100,0)/10000000 -> 0.002896
H57: =SUM(H4:H56) -> -2124400 | I57: =SUM(I4:I56) -> -531590 | J57: =SUM(J4:J56) -> 141562 | K57: =SUM(K4:K56) -> -88507 | L57: =SUM(L4:L56) -> 206563 | M57: =SUM(M4:M56) -> 507837 | N57: =SUM(N4:N56) -> -952541 | O57: =SUM(O4:O56) -> -529806 | ... AB57: =SUM(AB4:AB56) -> -2209180 | AC57: =SUM(H57:AB57) -> -8330346 | AD57: =IFERROR(AC57/F57*100,0)/10000000 -> 0
A59: P3361 | B59: Nishaanth | C59: ATS | D59: self | E59: NSEFO | F59: 3 | H59: -370080 | I59: 0 | J59: -17480 | K59: 0 | L59: 2780 | M59: 77900 | N59: 19032 | O59: 53520 | P59: -49300 | Q59: -431925 | R59: 0 | S59: -101150 | T59: 110 | U59: -4072 | V59: -118660 | W59: 50 | X59: -13604 | Y59: -5154 | Z59: 685 | AA59: 2321 | AB59: -23654 | AC59: =SUM(H59:AB59) -> -978681 | AD59: =IFERROR(AC59/F59*100,0)/10000000 -> -3.26227
A60: P3354 | B60: Sahil Rathore | C60: ATS | D60: self | E60: NSEFO | H60: -246000 | I60: 0 | J60: 0 | K60: 0 | L60: 3816 | M60: 377300 | N60: 0 | O60: 0 | P60: -500 | Q60: -47350 | R60: 0 | S60: 0 | T60: 0 | U60: 0 | V60: -215660 | W60: 0 | X60: 0 | Y60: 0 | Z60: 43600 | AA60: -65000 | AB60: 0 | AC60: =SUM(H60:AB60) -> -149794 | AD60: =IFERROR(AC60/F60*100,0)/10000000 -> 0
H61: =SUM(H59:H60) -> -616080 | I61: =SUM(I59:I60) -> 0 | J61: =SUM(J59:J60) -> -17480 | K61: =SUM(K59:K60) -> 0 | L61: =SUM(L59:L60) -> 6596 | M61: =SUM(M59:M60) -> 455200 | N61: =SUM(N59:N60) -> 19032 | O61: =SUM(O59:O60) -> 53520 | ... AB61: =SUM(AB59:AB60) -> -23654 | AC61: =SUM(H61:AB61) -> -1128475

Sheet AUG-2026
H2: 46237 | I2: 46238 | J2: 46239 | K2: 46240 | L2: 46241 | M2: 46244 | N2: 46245 | O2: 46246 | P2: 46247 | Q2: 46248 | R2: 46251 | S2: 46252 | T2: 46253 | U2: 46254 | V2: 46255 | W2: 46258 | X2: 46259 | Y2: 46260 | Z2: 46261 | AA2: 46262 | AB2: 46265 | AC2: AUG | AD2: AUG ROI
A3: CODE | B3: NAME | C3: ID | D3: STRATEGY | E3: SEGMENT | F3: FUND | H3: MON | I3: TUE | J3: WED | K3: THU | L3: FRI | M3: MON | N3: TUE | O3: WED | P3: THU | Q3: FRI | R3: MON | S3: TUE | T3: WED | U3: THU | V3: FRI | W3: MON | X3: TUE | Y3: WED | Z3: THU | AA3: FRI | AB3: MON | AK3: OPT | AL3: 13780
A4: P3389 | B4: Abdul | C4: XTS09 | D4: ATR-Strangle | E4: NSEFO | F4: 0.5 | H4: -6655 | I4: 0 | J4: -5027 | K4: 0 | L4: 0 | M4: 0 | N4: 4435 | O4: 3777 | P4: -5412 | Q4: -5358 | R4: -5142 | S4: 3804 | T4: 3440 | U4: 6067 | V4: -900 | W4: 7781 | X4: 8613 | Y4: -18306 | Z4: 16880 | AA4: 0 | AB4: -18400 | AC4: =SUM(H4:AB4) -> -10403 | AD4: =IFERROR(AC4/F4*100,0)/10000000 -> -0.20806 | AK4: FUTURE EXP | AL4: 2865
A5: P2951 | B5: Aman Aggarwal | C5: XTS01 | D5: 20_60 | E5: NSEFO | F5: 3 | H5: 7650 | I5: 12054 | J5: -215813 | K5: -211 | L5: 0 | M5: 0 | N5: 0 | O5: 0 | P5: 12100 | Q5: 8886 | R5: -116700 | S5: -1406 | T5: 0 | U5: 0 | V5: 0 | W5: 60181 | X5: 0 | Y5: 0 | Z5: 0 | AA5: -19847 | AB5: -128671 | AC5: =SUM(H5:AB5) -> -381777 | AD5: =IFERROR(AC5/F5*100,0)/10000000 -> -1.27259
A6: P2967 | B6: Aman Aggarwal | C6: ATS1516 | D6: 20_60 | E6: NSEFO | F6: 1 | T6: 0 | U6: 0 | V6: 0 | W6: 116185 | X6: 0 | Y6: 0 | Z6: 0 | AA6: 0 | AB6: 0 | AC6: =SUM(H6:AB6) -> 116185 | AD6: =IFERROR(AC6/F6*100,0)/10000000 -> 1.16185
A7: P2990 | B7: Aman Aggarwal | C7: ATS1532 | D7: new strategy_48 | T7: 0 | U7: -15824 | V7: 5434 | W7: -6200 | X7: 8600 | Y7: 0 | Z7: 0 | AA7: 0 | AB7: -21000 | AC7: =SUM(H7:AB7) -> -28990 | AD7: =IFERROR(AC7/F7*100,0)/10000000 -> 0
A8: P3166 | B8: Aman Dohre | C8: XTS03 | D8: MACD/Direction | E8: STOCK OP | F8: 3 | H8: 84118 | I8: -67845 | J8: -2231 | K8: -181591 | L8: 12214 | M8: 88446 | N8: -44038 | O8: -41301 | P8: -22826 | Q8: -167661 | R8: 117900 | S8: -13808 | T8: -92719 | U8: 26857 | V8: -106380 | W8: 50050 | X8: -149000 | Y8: -36843 | Z8: 50493 | AA8: 29950 | AB8: -28620 | AC8: =SUM(H8:AB8) -> -494835 | AD8: =IFERROR(AC8/F8*100,0)/10000000 -> -1.64945 | AG8: -14121
A9: P3390 | B9: Aman Dohre | C9: XTS34 | D9: NSE FO | E9: NSEFO | F9: 1.5 | H9: 2970 | I9: 17031 | J9: 13534 | K9: -5676 | L9: 12716 | M9: -16434 | N9: 16330 | O9: 29593 | P9: -50409 | Q9: -31294 | R9: 13376 | S9: -20176 | T9: -12142 | U9: 10404 | V9: 4919 | W9: 64110 | X9: -15105 | Y9: 31190 | Z9: -21715 | AA9: 14807 | AB9: -33683 | AC9: =SUM(H9:AB9) -> 24346 | AD9: =IFERROR(AC9/F9*100,0)/10000000 -> 0.16230667 | AF9: 94526
A10: P3390_1 | B10: Aman Dohre | C10: ATS1507 | D10: NSE FO | F10: 0.6 | H10: 244 | I10: -100 | J10: -1954 | K10: -3231 | L10: 8750 | M10: -40412 | N10: -1107 | O10: 14170 | P10: -20113 | Q10: -18521 | R10: 2800 | S10: -1318 | T10: -1619 | U10: 10705 | V10: 2425 | W10: 927 | X10: -4858 | Y10: 14481 | Z10: -27970 | AA10: 14450 | AB10: -13965 | AC10: =SUM(H10:AB10) -> -66216 | AD10: =IFERROR(AC10/F10*100,0)/10000000 -> -1.1036 | AF10: 80405 | AG10: =(AF10+AF9)/10000000*13780 -> 241.05492
A11: P3117 | B11: Ansh Aggarwal | C11: ATS_1007 | D11: Falcon | E11: NSEFO | F11: 15 | H11: 0 | I11: -814500 | J11: 0 | K11: 0 | L11: 0 | M11: 0 | N11: 167470 | O11: 0 | P11: 0 | Q11: 0 | R11: 10000 | S11: 1753 | T11: 0 | U11: 0 | V11: 35230 | W11: 23566 | X11: -180480 | Y11: 500 | Z11: 0 | AA11: 0 | AB11: -612550 | AC11: =SUM(H11:AB11) -> -1369011 | AD11: =IFERROR(AC11/F11*100,0)/10000000 -> -0.912674
A12: P3323_1 | B12: Amit&Kartik | C12: XTS35 | D12: Strangle/Spread | E12: NSEFO | F12: 6 | H12: 30505 | I12: 55406 | J12: 0 | K12: 0 | L12: 0 | M12: 0 | N12: 57626 | O12: 0 | P12: 6150 | Q12: 0 | R12: -6939 | S12: 33782 | T12: 0 | U12: 0 | V12: 0 | W12: 23374 | X12: -198145 | Y12: 0 | Z12: 75 | AA12: 0 | AB12: 0 | AC12: =SUM(H12:AB12) -> 1834 | AD12: =IFERROR(AC12/F12*100,0)/10000000 -> 0.0030566667
A13: P2827 | B13: Bharat | C13: UT | D13: ETF | E13: CASH | F13: 1 | H13: 932 | I13: 196 | J13: 3534 | K13: 2106 | L13: 3485 | M13: 987 | N13: 486 | O13: 1505 | P13: -2000 | Q13: -214 | R13: 1576 | S13: -810 | T13: -2629 | U13: 5604 | V13: 3658 | W13: 250 | X13: -346 | Y13: -100 | Z13: -3171 | AA13: 1650 | AB13: -4377 | AC13: =SUM(H13:AB13) -> 12322 | AD13: =IFERROR(AC13/F13*100,0)/10000000 -> 0.12322
A14: P3090 | B14: Bharat | C14: XTS04 | D14: STRADDLE | E14: NSEFO | F14: 2.5 | H14: 9500 | I14: -61370 | J14: -32279 | K14: 0 | L14: 0 | M14: 0 | N14: 19385 | O14: 3256 | P14: 15500 | Q14: 22429 | R14: -77515 | S14: 29621 | T14: 11750 | U14: -14850 | V14: 17486 | W14: -105503 | X14: 0 | Y14: 0 | Z14: 0 | AA14: 0 | AB14: 0 | AC14: =SUM(H14:AB14) -> -162590 | AD14: =IFERROR(AC14/F14*100,0)/10000000 -> -0.65036
A15: P2954 | B15: Yogesh | C15: XTS39 | D15: STRADDLE | E15: NSEFO | F15: 2.2 | H15: 16621 | I15: -56808 | J15: -29607 | K15: 0 | L15: 0 | M15: 0 | N15: 0 | O15: 0 | P15: 17300 | Q15: 22984 | R15: -68810 | S15: 27894 | T15: 10101 | U15: 0 | V15: 25186 | W15: -73357 | X15: 0 | Y15: 0 | Z15: 0 | AA15: 0 | AB15: 0 | AC15: =SUM(H15:AB15) -> -108496 | AD15: =IFERROR(AC15/F15*100,0)/10000000 -> -0.49316364 | AG15: =AG8-AG10 -> -14362.055 | AJ15: 116185 | AL15: =AJ15+AG15 -> 101822.95
A16: P3196 | B16: Bharat | C16: ATS_1505 | D16: STRADDLE | E16: BSEFO | F16: 1 | H16: 0 | I16: 0 | J16: 0 | K16: 0 | L16: 0 | M16: 0 | N16: 0 | O16: 0 | P16: 0 | Q16: 0 | R16: 0 | S16: 0 | T16: 0 | U16: 0 | V16: 0 | W16: 0 | X16: 0 | Y16: 0 | Z16: 0 | AA16: 0 | AB16: 0 | AC16: =SUM(H16:AB16) -> 0 | AD16: =IFERROR(AC16/F16*100,0)/10000000 -> 0
A17: P3079 | B17: Yogesh | C17: UT | D17: ETF | E17: CASH | F17: 1 | H17: 11560 | I17: 430 | J17: 11053 | K17: 5179 | L17: 8058 | M17: 5020 | N17: -913 | O17: 1571 | P17: -1353 | Q17: -1664 | R17: 1591 | S17: -8331 | T17: -14199 | U17: 17768 | V17: 5482 | W17: -2457 | X17: 4191 | Y17: 1365 | Z17: -4867 | AA17: 6260 | AB17: -12605 | AC17: =SUM(H17:AB17) -> 33139 | AD17: =IFERROR(AC17/F17*100,0)/10000000 -> 0.33139
A18: P2817 | B18: DK Sir_M | C18: S1504 | D18: Maximum | E18: NSEFO | F18: 2.5 | H18: -31573 | I18: 0 | J18: -74800 | K18: 0 | L18: 0 | M18: 0 | N18: 0 | O18: 0 | P18: 18503 | Q18: 0 | R18: -4900 | S18: -15557 | T18: 0 | U18: 0 | V18: 0 | W18: 69531 | X18: -40296 | Y18: 0 | Z18: 0 | AA18: 0 | AB18: -32499 | AC18: =SUM(H18:AB18) -> -111591 | AD18: =IFERROR(AC18/F18*100,0)/10000000 -> -0.446364 | AL18: 4000000 | AM18: =AL18*7/100 -> 280000 | AO18: =15*12 -> 180
A19: P2792 | B19: DK Sir_T | C19: S1502 | D19: ThanosNF | E19: NSEFO | F19: 4 | H19: 1945 | I19: 1300 | J19: 4580 | K19: 0 | L19: 0 | M19: 0 | N19: 0 | O19: 0 | P19: -10722 | Q19: 0 | R19: -2553 | S19: 5667 | T19: 0 | U19: 0 | V19: 0 | W19: 66187 | X19: -4812 | Y19: 0 | Z19: 0 | AA19: 0 | AB19: -144294 | AC19: =SUM(H19:AB19) -> -82702 | AD19: =IFERROR(AC19/F19*100,0)/10000000 -> -0.206755 | AM19: =AM18/12 -> 23333.333
A20: P3398 | B20: Himansu Pal | C20: XTS31 | D20: SELF | E20: NSEFO | F20: 1 | H20: 0 | I20: 0 | J20: 0 | K20: 0 | L20: 0 | M20: 0 | N20: 0 | O20: 0 | P20: 0 | Q20: 0 | R20: 0 | S20: 0 | T20: 0 | U20: 0 | V20: 0 | W20: 0 | X20: 0 | Y20: 0 | Z20: 0 | AA20: 0 | AB20: 0 | AC20: =SUM(H20:AB20) -> 0 | AD20: =IFERROR(AC20/F20*100,0)/10000000 -> 0
A21: P3311 | B21: Himansu Pal | C21: ATS_1510 | D21: Directional | E21: NSEFO | F21: 1.5 | H21: -22322 | I21: 14560 | J21: -69757 | K21: 3222 | L21: 1223 | M21: 98532 | N21: 75645 | O21: 17176 | P21: 19367 | Q21: -107297 | R21: 8922 | S21: 40153 | T21: 25351 | U21: 11398 | V21: 16450 | W21: 71983 | X21: 27012 | Y21: -42818 | Z21: 5941 | AA21: -115052 | AB21: -65024 | AC21: =SUM(H21:AB21) -> 14665 | AD21: =IFERROR(AC21/F21*100,0)/10000000 -> 0.097766667
A22: P3181 | B22: Harshit | C22: XTS32 | D22: SELF | E22: NSEFO | F22: 1.1 | H22: 10600 | I22: -11136 | J22: -57099 | K22: -5506 | L22: 18880 | M22: 20615 | N22: 29331 | O22: 8450 | P22: 24145 | Q22: 12577 | R22: -9860 | S22: 4884 | T22: 14180 | U22: 0 | V22: 0 | W22: -21185 | X22: 475 | Y22: 4373 | Z22: 19371 | AA22: -34194 | AB22: -1304 | AC22: =SUM(H22:AB22) -> 27597 | AD22: =IFERROR(AC22/F22*100,0)/10000000 -> 0.25088182
A23: P3400 | B23: Aman Sharma | C23: XTS37 | D23: SELF | E23: NSEFO | F23: 0.25 | H23: -445 | I23: -33920 | J23: -17457 | K23: -1700 | L23: 0 | M23: 0 | N23: 0 | O23: 3259 | P23: 3563 | Q23: 14397 | R23: 676 | S23: 8961 | T23: 17052 | U23: -477 | V23: 2470 | W23: -1422 | X23: -22929 | Y23: -28950 | Z23: -7782 | AA23: -7386 | AB23: 0 | AC23: =SUM(H23:AB23) -> -72090 | AD23: =IFERROR(AC23/F23*100,0)/10000000 -> -2.8836
A24: P3091 | B24: Hardik | C24: XTS010 | D24: SELF | E24: NSEFO | F24: 2 | H24: 1511 | I24: 7251 | J24: 7140 | K24: 4504 | L24: -3214 | M24: -100 | N24: -516 | O24: 4214 | P24: 3242 | Q24: 1087 | R24: 0 | S24: 0 | T24: 231 | U24: -296 | V24: 0 | W24: 4196 | X24: -3367 | Y24: 2727 | Z24: 2951 | AA24: 0 | AB24: -213 | AC24: =SUM(H24:AB24) -> 31348 | AD24: =IFERROR(AC24/F24*100,0)/10000000 -> 0.15674
A25: P3408 | B25: Hardik | C25: XTS20 | D25: SELF | E25: NSEFO | V25: 0 | W25: 0 | X25: 0 | Y25: 0 | Z25: 0 | AA25: 0 | AB25: 0 | AC25: =SUM(H25:AB25) -> 0 | AD25: =IFERROR(AC25/F25*100,0)/10000000 -> 0
A26: P3109 | B26: Jyoti Prakesh | C26: XTS30 | D26: Straddle | E26: NSEFO | F26: 1.1 | H26: 29533 | I26: -27844 | J26: -110528 | K26: -24394 | L26: -100 | M26: 7500 | N26: 42348 | O26: 41000 | P26: -9140 | Q26: 240 | R26: 31750 | S26: 7174 | T26: -7207 | U26: -15290 | V26: 16780 | W26: -29214 | X26: -11908 | Y26: -1744 | Z26: -10800 | AA26: -25523 | AB26: -28620 | AC26: =SUM(H26:AB26) -> -125987 | AD26: =IFERROR(AC26/F26*100,0)/10000000 -> -1.1453364
A27: P3146 | B27: Jinesh Jain | C27: CQS5 | D27: CASH | E27: CASH | F27: 2.3 | H27: 371300 | I27: -169004 | J27: 41570 | K27: -96668 | L27: 9856 | M27: 42818 | N27: -133800 | O27: -116337 | P27: 29186 | Q27: -96417 | R27: -4028 | S27: -100640 | T27: -155561 | U27: 176058 | V27: -34377 | W27: -48774 | X27: 85931 | Y27: -99638 | Z27: -32457 | AA27: 38130 | AB27: -233919 | AC27: =SUM(H27:AB27) -> -526771 | AD27: =IFERROR(AC27/F27*100,0)/10000000 -> -2.2903087
A28: P3434 | B28: Kapil Kumar | C28: ATS_1529 | E28: NSEFO | F28: 0.2 | H28: -1309 | I28: 1160 | J28: 2778 | K28: -700 | L28: -931 | M28: -1415 | N28: -297 | O28: -485 | P28: 1107 | Q28: -2756 | R28: -2866 | S28: -2782 | T28: -1431 | U28: -700 | V28: -3608 | W28: -140 | X28: -416 | Y28: 50 | Z28: 1600 | AA28: -100 | AB28: -4561 | AC28: =SUM(H28:AB28) -> -17802 | AD28: =IFERROR(AC28/F28*100,0)/10000000 -> -0.8901
A29: P2105 | B29: Kamlesh | C29: S1501 | D29: Wanda | E29: NSEFO | F29: 5 | H29: -66200 | I29: 0 | J29: -19970 | K29: 0 | L29: 0 | M29: 0 | N29: 0 | O29: 0 | P29: 11590 | Q29: 0 | R29: -7000 | S29: 0 | T29: 0 | U29: 0 | V29: 0 | W29: 152704 | X29: -18500 | Y29: 0 | Z29: 0 | AA29: 0 | AB29: -219072 | AC29: =SUM(H29:AB29) -> -166448 | AD29: =IFERROR(AC29/F29*100,0)/10000000 -> -0.332896
A30: P3024 | B30: Kartaram | C30: ATS_1005 | D30: Spider 2.0 | E30: NSEFO | F30: 10 | H30: 0 | I30: -107412 | J30: -454519 | K30: 0 | L30: 0 | M30: 480 | N30: 153600 | O30: -500 | P30: 0 | Q30: 0 | R30: 0 | S30: 21715 | T30: 100000 | U30: 0 | V30: 0 | W30: 97775 | X30: 302667 | Y30: 104150 | Z30: 26121 | AA30: -10000 | AB30: -38762 | AC30: =SUM(H30:AB30) -> 195315 | AD30: =IFERROR(AC30/F30*100,0)/10000000 -> 0.195315
A31: PSW019 | B31: Kartaram SWV0097 | C31: ATS_1015 | D31: Spider 2.0 | E31: NSEFO | F31: 13 | H31: 0 | I31: -201560 | J31: -586162 | K31: 0 | L31: 0 | M31: 0 | N31: 0 | O31: 0 | P31: 0 | Q31: 0 | R31: 0 | S31: 0 | T31: 0 | U31: 0 | V31: 0 | W31: 0 | X31: 0 | Y31: 0 | Z31: 0 | AA31: 0 | AB31: 0 | AC31: =SUM(H31:AB31) -> -787722 | AD31: =IFERROR(AC31/F31*100,0)/10000000 -> -0.60594 | AG31: 88150
A32: PHPO07 | B32: Kartaram HPO2780 | C32: ATS_1038 | D32: Spider 2.0 | E32: NSEFO | F32: 6 | H32: 0 | I32: -89589 | J32: -259305 | K32: 0 | L32: 0 | M32: 0 | N32: 0 | O32: 0 | P32: 0 | Q32: 0 | R32: 0 | S32: 0 | T32: 0 | U32: 0 | V32: 0 | W32: 0 | X32: 0 | Y32: 0 | Z32: 0 | AA32: 0 | AB32: 0 | AC32: =SUM(H32:AB32) -> -348894 | AD32: =IFERROR(AC32/F32*100,0)/10000000 -> -0.58149 | AG32: 64554 | AJ32: 90975 | AM32: -38200
A33: SWV0096 | B33: Kartaram SWV0096 | C33: ATS_1034 | D33: Spider 2.0 | E33: NSEFO | F33: 1.5 | H33: 0 | I33: -22345 | J33: -65000 | K33: 0 | L33: 0 | M33: 0 | N33: 0 | O33: 0 | P33: 0 | Q33: 0 | R33: 0 | S33: 0 | T33: 0 | U33: 0 | V33: 0 | W33: 0 | X33: 0 | Y33: 0 | Z33: 0 | AA33: 0 | AB33: 0 | AC33: =SUM(H33:AB33) -> -87345 | AD33: =IFERROR(AC33/F33*100,0)/10000000 -> -0.5823 | AG33: 0 | AJ33: -31616 | AM33: 11900
A34: XMR0548 | B34: Kartaram XMR0548 | C34: ATS_1041 | D34: Spider 2.0 | E34: NSEFO | F34: 1.25 | H34: 0 | I34: -22390 | J34: -64850 | K34: 0 | L34: 0 | M34: 0 | N34: 0 | O34: 0 | P34: 0 | Q34: 0 | R34: 0 | S34: 0 | T34: 0 | U34: 0 | V34: 0 | W34: 0 | X34: 0 | Y34: 0 | Z34: 0 | AA34: 0 | AB34: 0 | AC34: =SUM(H34:AB34) -> -87240 | AD34: =IFERROR(AC34/F34*100,0)/10000000 -> -0.69792
A35: PA528 | B35: Arachana Ma'am | C35: ATS-1022 | D35: SPIDER 2.0 | E35: NSEFO | F35: 1.5 | H35: 0 | I35: -22164 | J35: -64850 | K35: 0 | L35: 0 | M35: 0 | N35: 0 | O35: 0 | P35: 0 | Q35: 0 | R35: 0 | S35: 0 | T35: 0 | U35: 0 | V35: 0 | W35: 0 | X35: 0 | Y35: 0 | Z35: 0 | AA35: 0 | AB35: 0 | AC35: =SUM(H35:AB35) -> -87014 | AD35: =IFERROR(AC35/F35*100,0)/10000000 -> -0.58009333 | AG35: =SUM(AG30:AG33) -> 152704 | AJ35: =SUM(AJ32:AJ33) -> 59359
A36: P3202 | B36: Gagandeep | C36: XTS12 | D36: SELF | E36: NSEFO | F36: 5 | H36: 0 | I36: -486030 | J36: 0 | K36: 0 | L36: 0 | M36: 0 | N36: 128400 | O36: 0 | P36: -5062 | Q36: 0 | R36: 0 | S36: -3320 | T36: 0 | U36: 107128 | V36: 0 | W36: 0 | X36: -430990 | Y36: 0 | Z36: 184411 | AA36: 0 | AB36: 0 | AC36: =SUM(H36:AB36) -> -505463 | AD36: =IFERROR(AC36/F36*100,0)/10000000 -> -1.010926
A37: P3020 | B37: Mahavir Jindal | C37: XTS02 | D37: SELF | E37: NSEFO | F37: 5 | H37: 55819 | I37: -13694 | J37: -164313 | K37: 54389 | L37: 163774 | M37: 144181 | N37: 187738 | O37: 97645 | P37: 68361 | Q37: 75538 | R37: 13283 | S37: -79847 | T37: -41947 | U37: -55100 | V37: 60465 | W37: 32836 | X37: 62860 | Y37: -28865 | Z37: 8293 | AA37: -44671 | AB37: -26833 | AC37: =SUM(H37:AB37) -> 569912 | AD37: =IFERROR(AC37/F37*100,0)/10000000 -> 1.139824
A38: P3341 | B38: Maneesh Yadav | C38: XTS18 | D38: Theta Dominance | E38: NSEFO | F38: 1 | H38: 21610 | I38: -39044 | J38: 1221 | K38: -8694 | L38: 10750 | M38: 2689 | N38: 35950 | O38: -19000 | P38: -10094 | Q38: -34252 | R38: 7826 | S38: 2697 | T38: -12400 | U38: -30782 | V38: 19226 | W38: -5411 | X38: 3600 | Y38: 8042 | Z38: 32790 | AA38: -36701 | AB38: -14362 | AC38: =SUM(H38:AB38) -> -64339 | AD38: =IFERROR(AC38/F38*100,0)/10000000 -> -0.64339
A39: P2971_2 | B39: Neeraj Garg | C39: S1514 | D39: ACE1 | E39: NSEFO | F39: 0.4 | H39: -5008 | I39: 0 | J39: -11324 | K39: 7623 | L39: 19040 | M39: 30623 | N39: 48194 | O39: 2572 | P39: -4653 | Q39: 2936 | R39: -6510 | S39: 3100 | T39: 8138 | U39: 0 | V39: 10789 | W39: 35842 | X39: -10870 | Y39: -3332 | Z39: -18522 | AA39: -53081 | AB39: -2337 | AC39: =SUM(H39:AB39) -> 53220 | AD39: =IFERROR(AC39/F39*100,0)/10000000 -> 1.3305
A40: P2940 | B40: Prince | C40: ATS1506 | D40: NSEFO | E40: CASH/FO | F40: 0.5 | H40: 0 | I40: 0 | J40: 0 | K40: 0 | L40: 0 | M40: 0 | N40: 0 | O40: 0 | P40: 0 | Q40: 0 | R40: 0 | S40: 0 | T40: 0 | U40: 0 | V40: 0 | W40: 0 | X40: 0 | Y40: 0 | Z40: 6333 | AA40: 0 | AB40: 0 | AC40: =SUM(H40:AB40) -> 6333 | AD40: =IFERROR(AC40/F40*100,0)/10000000 -> 0.12666 | AG40: -1524
A41: P3347 | B41: Prince | C41: NEST | D41: NSEFO | E41: NSEFO | F41: 0.5 | H41: 0 | I41: 0 | J41: 0 | K41: 0 | L41: 0 | M41: 0 | N41: 0 | O41: 0 | P41: 0 | Q41: 0 | R41: 0 | S41: 0 | T41: 0 | U41: 0 | V41: 0 | W41: 0 | X41: 0 | Y41: 0 | Z41: 0 | AA41: 0 | AB41: 0 | AC41: =SUM(H41:AB41) -> 0 | AD41: =IFERROR(AC41/F41*100,0)/10000000 -> 0
A42: P3070 | B42: Prateek | C42: ATS_1504 | D42: Smart Strangle | E42: NSEFO | F42: 4 | H42: 7928 | I42: 16328 | J42: -86885 | K42: -34280 | L42: 20570 | M42: 34358 | N42: 73135 | O42: 31750 | P42: 64331 | Q42: -37350 | R42: 44860 | S42: 50987 | T42: 19073 | U42: 62170 | V42: -25131 | W42: 181175 | X42: 50825 | Y42: -69423 | Z42: 25894 | AA42: -67650 | AB42: -12414 | AC42: =SUM(H42:AB42) -> 350251 | AD42: =IFERROR(AC42/F42*100,0)/10000000 -> 0.8756275 | AF42: 90827 | AG42: =(AF43+AF42)/10000000*13780 -> 248.21914
A43: P2999 | B43: Prateek | C43: ATS_1519 | D43: ETF | E43: ETF | F43: 1 | H43: 63900 | I43: -18927 | J43: 29559 | K43: 4260 | L43: 4238 | M43: 13260 | N43: 930 | O43: -11624 | P43: 1584 | Q43: -21848 | R43: 15497 | S43: -16427 | T43: -32090 | U43: 40500 | V43: 14233 | W43: -6506 | X43: 6921 | Y43: 22706 | Z43: -21238 | AA43: 10250 | AB43: -45929 | AC43: =SUM(H43:AB43) -> 53249 | AD43: =IFERROR(AC43/F43*100,0)/10000000 -> 0.53249 | AF43: 89303
A44: P3000 | B44: Prateek | C44: XTS19 | D44: NSEFO | E44: NSEFO | T44: 0 | U44: 0 | V44: 0 | W44: 0 | X44: 0 | Y44: 0 | Z44: 0 | AA44: 0 | AB44: 0 | AC44: =SUM(H44:AB44) -> 0 | AD44: =IFERROR(AC44/F44*100,0)/10000000 -> 0
A45: P3186 | B45: Prateek | C45: XTS17 | D45: Opton | E45: NSEFO | F45: 0.5 | H45: -15212 | I45: 0 | J45: -8067 | K45: 0 | L45: 0 | M45: 0 | N45: 5314 | O45: 16363 | P45: -12221 | Q45: -10706 | R45: -9471 | S45: 11212 | T45: 3176 | U45: 14523 | V45: -860 | W45: 14137 | X45: 14803 | Y45: -30035 | Z45: 20814 | AA45: 0 | AB45: -28047 | AC45: =SUM(H45:AB45) -> -14277 | AD45: =IFERROR(AC45/F45*100,0)/10000000 -> -0.28554
A46: P3168 | B46: Prabjot singh | C46: ATS_1502 | D46: Direction range | E46: NSEFO | F46: 3 | H46: 0 | I46: -44261 | J46: -43441 | K46: 0 | L46: 0 | M46: 0 | N46: 0 | O46: 0 | P46: 0 | Q46: 0 | R46: -14900 | S46: 270 | T46: 21060 | U46: 24900 | V46: 30157 | W46: -52276 | X46: 0 | Y46: -5319 | Z46: -28070 | AA46: 0 | AB46: 0 | AC46: =SUM(H46:AB46) -> -111880 | AD46: =IFERROR(AC46/F46*100,0)/10000000 -> -0.37293333
A47: P3135 | B47: Piyush Singhal | C47: ATS_1509 | D47: Directional strangle | E47: NSEFO | F47: 3 | H47: -10750 | I47: -2320 | J47: -55319 | K47: -35012 | L47: 0 | M47: 0 | N47: 38600 | O47: -10450 | P47: -17283 | Q47: -10987 | R47: -15470 | S47: -17000 | T47: 23806 | U47: -28366 | V47: 11462 | W47: 29776 | X47: -22106 | Y47: 16000 | Z47: 6333 | AA47: -27392 | AB47: -63512 | AC47: =SUM(H47:AB47) -> -189990 | AD47: =IFERROR(AC47/F47*100,0)/10000000 -> -0.6333 | AG47: =AG40-AG42 -> -1772.2191
A48: PSW024 | B48: Piyush SWV0097 | C48: ATS_1518 | D48: Directional strangle | E48: NSEFO | F48: 3 | H48: -10920 | I48: -2652 | J48: -55340 | K48: -35012 | L48: 0 | M48: 0 | N48: 0 | O48: 0 | P48: 0 | Q48: 0 | R48: 0 | S48: 0 | T48: 0 | U48: 0 | V48: 0 | W48: 0 | X48: 0 | Y48: 0 | Z48: 0 | AA48: 0 | AB48: 0 | AC48: =SUM(H48:AB48) -> -103924 | AD48: =IFERROR(AC48/F48*100,0)/10000000 -> -0.34641333
A49: P3152 | B49: Rashil Khetan | C49: XTS29 | E49: NSEFO | F49: 0.1 | H49: -3782 | I49: 1025 | J49: 21323 | K49: -4611 | L49: -20827 | M49: -3911 | N49: -870 | O49: 3481 | P49: 3737 | Q49: -3692 | R49: 12581 | S49: -1948 | T49: 8578 | U49: -17939 | V49: -2517 | W49: -25090 | X49: 2890 | Y49: 19671 | Z49: 11098 | AA49: -19327 | AB49: 15213 | AC49: =SUM(H49:AB49) -> -4917 | AD49: =IFERROR(AC49/F49*100,0)/10000000 -> -0.4917
A50: P3342 | B50: Raghav Tuli | C50: XTS20 | D50: Flaxi trade | E50: NSEFO | F50: 0.5 | H50: 2268 | I50: 0 | J50: 0 | K50: 0 | L50: 0 | M50: 0 | N50: 0 | O50: 0 | P50: 0 | Q50: 0 | R50: 0 | S50: 0 | T50: 0 | U50: 0 | V50: 0 | W50: 0 | X50: 0 | Y50: 0 | Z50: 0 | AA50: 0 | AB50: 0 | AC50: =SUM(H50:AB50) -> 2268 | AD50: =IFERROR(AC50/F50*100,0)/10000000 -> 0.04536
A51: P3342 | B51: Raghav Tuli | C51: ATS1526 | D51: Flaxi trade | E51: NSEFO | F51: 0.5 | I51: 0 | J51: 0 | K51: 0 | L51: 0 | M51: 0 | N51: 0 | O51: 0 | P51: 0 | Q51: 0 | R51: 0 | S51: 0 | T51: 0 | U51: -10442 | V51: 0 | W51: 9923 | X51: 0 | Y51: 10246 | Z51: 0 | AA51: 0 | AB51: -20519 | AC51: =SUM(H51:AB51) -> -10792 | AD51: =IFERROR(AC51/F51*100,0)/10000000 -> -0.21584
A52: P3082 | B52: Ramakar Jha | C52: ATS_1503 | D52: CASH | E52: CASH | F52: 1 | H52: 129300 | I52: 101803 | J52: 43953 | K52: 39879 | L52: 86560 | M52: 42093 | N52: 30200 | O52: 44000 | P52: -89099 | Q52: -33209 | R52: -69573 | S52: 184871 | T52: -29542 | U52: 63250 | V52: 68871 | W52: -20663 | X52: -32175 | Y52: 82381 | Z52: -8123 | AA52: 31280 | AB52: 37100 | AC52: =SUM(H52:AB52) -> 703157 | AD52: =IFERROR(AC52/F52*100,0)/10000000 -> 7.03157
A53: P3433 | B53: Sanchit | C53: ATS_1528 | E53: NSEFO | F53: 0.1 | H53: -20 | I53: 916 | J53: -1257 | K53: -591 | L53: 1604 | M53: -555 | N53: 3060 | O53: 1742 | P53: -4119 | Q53: 642 | R53: -842 | S53: 781 | T53: 1252 | U53: 419 | V53: -100 | W53: 1353 | X53: -1661 | Y53: 410 | Z53: -3448 | AA53: 370 | AB53: 963 | AC53: =SUM(H53:AB53) -> 919 | AD53: =IFERROR(AC53/F53*100,0)/10000000 -> 0.0919
A54: P3335 | B54: Sajal Sharma | E54: NSEFO | F54: 1 | H54: -500 | I54: -3065 | J54: -5450 | K54: 0 | L54: 0 | M54: 0 | N54: 0 | O54: 0 | P54: 0 | Q54: 0 | R54: 0 | S54: 0 | T54: 0 | U54: 0 | V54: 0 | W54: 0 | X54: 0 | Y54: 0 | Z54: 0 | AA54: 0 | AB54: 0 | AC54: =SUM(H54:AB54) -> -9015 | AD54: =IFERROR(AC54/F54*100,0)/10000000 -> -0.09015
A55: P3208 | B55: Sajal Sharma | C55: Odin | D55: BSEFO | E55: BSEFO | F55: 4 | H55: 0 | I55: 0 | J55: 0 | K55: 0 | L55: 0 | M55: 0 | N55: 0 | O55: 7000 | P55: 95692 | Q55: 0 | R55: 0 | S55: 0 | T55: 3800 | U55: 70800 | V55: 0 | W55: 0 | X55: 0 | Y55: 0 | Z55: -116500 | AA55: 0 | AB55: 0 | AC55: =SUM(H55:AB55) -> 60792 | AD55: =IFERROR(AC55/F55*100,0)/10000000 -> 0.15198
A56: P3119 | B56: Sajal Sharma | C56: Odin | D56: NSE FO | E56: NSEFO | F56: 4 | H56: -15000 | I56: -128525 | J56: 0 | K56: 0 | L56: 0 | M56: 13100 | N56: 129000 | O56: 0 | P56: 0 | Q56: 0 | R56: -32862 | S56: -67554 | T56: 0 | U56: 0 | V56: 0 | W56: 0 | X56: 0 | Y56: 0 | Z56: 0 | AA56: 0 | AB56: 200 | AC56: =SUM(H56:AB56) -> -101641 | AD56: =IFERROR(AC56/F56*100,0)/10000000 -> -0.2541025
A57: P3048 | B57: Shahid | C57: XTS05 | D57: Shahid | E57: NSEFO | F57: 3 | H57: -6036 | I57: -204489 | J57: -65102 | K57: 0 | L57: 0 | M57: 87285 | N57: 128480 | O57: 54740 | P57: -4082 | Q57: 70883 | R57: 125257 | S57: -213545 | T57: -219311 | U57: -46461 | V57: 22716 | W57: 233345 | X57: 552 | Y57: 75215 | Z57: -247460 | AA57: -148186 | AB57: -5512 | AC57: =SUM(H57:AB57) -> -361711 | AD57: =IFERROR(AC57/F57*100,0)/10000000 -> -1.2057033
A58: P3417 | B58: Sourav | C58: XTS38/ATS | E58: NSEFO | F58: 10 | H58: -50 | I58: -465047 | J58: 0 | K58: -54610 | L58: 0 | M58: 37076 | N58: 796100 | O58: 0 | P58: 84724 | Q58: 29700 | R58: -340250 | S58: 60645 | T58: -36000 | U58: 439296 | V58: 92466 | W58: -117078 | X58: -247320 | Y58: -232027 | Z58: -612462 | AA58: 35600 | AB58: -505943 | AC58: =SUM(H58:AB58) -> -1035180 | AD58: =IFERROR(AC58/F58*100,0)/10000000 -> -1.03518
A59: NA | B59: Sourav | C59: XTS31 | E59: NSEFO | W59: 0 | X59: 0 | Y59: 0 | Z59: 0 | AA59: 0 | AB59: 0 | AC59: =SUM(H59:AB59) -> 0 | AD59: =IFERROR(AC59/F59*100,0)/10000000 -> 0
A60: P3360 | B60: Vidhya sagar | C60: XTS07 | D60: Straddle Short | E60: NSEFO | F60: 0.5 | H60: 2711 | I60: 0 | J60: -5750 | K60: -6273 | L60: 0 | M60: 7206 | N60: 10630 | O60: -2100 | P60: 1783 | Q60: -6230 | R60: 2235 | S60: 8646 | T60: -8854 | U60: -3555 | V60: 100 | W60: 1233 | X60: 1350 | Y60: -1470 | Z60: -16031 | AA60: 7177 | AB60: 0 | AC60: =SUM(H60:AB60) -> -7192 | AD60: =IFERROR(AC60/F60*100,0)/10000000 -> -0.14384
A61: P3385 | B61: Vikas Gupta | C61: XTS13 | D61: Vikas Gupta | E61: NSEFO | F61: 6.5 | H61: 28030 | I61: -105716 | J61: 0 | K61: 0 | L61: 0 | M61: 0 | N61: 392944 | O61: 0 | P61: 42149 | Q61: 2940 | R61: -184242 | S61: 86390 | T61: -329 | U61: 11042 | V61: 0 | W61: 0 | X61: -191619 | Y61: 0 | Z61: -14770 | AA61: 0 | AB61: 0 | AC61: =SUM(H61:AB61) -> 66819 | AD61: =IFERROR(AC61/F61*100,0)/10000000 -> 0.10279846
A62: P3386 | B62: Vikas Gupta | C62: XTS15 | D62: Vikas Gupta | E62: NSEFO | F62: 1.25 | H62: -32912 | I62: 32287 | J62: 0 | K62: -25136 | L62: 0 | M62: 0 | N62: 0 | O62: 0 | P62: 0 | Q62: 0 | R62: 0 | S62: 0 | T62: 0 | U62: 0 | V62: 0 | W62: 0 | X62: 0 | Y62: 0 | Z62: 0 | AA62: 0 | AB62: 0 | AC62: =SUM(H62:AB62) -> -25761 | AD62: =IFERROR(AC62/F62*100,0)/10000000 -> -0.206088
A63: P3110 | B63: Varun tondan | C63: XTS36 | D63: Varun tondan | E63: NSEFO | F63: 3 | H63: 0 | I63: -241366 | J63: 0 | K63: 0 | L63: 0 | M63: 0 | N63: 69111 | O63: 0 | P63: -10258 | Q63: 0 | R63: 0 | S63: 38672 | T63: 0 | U63: -7437 | V63: 0 | W63: 0 | X63: -97617 | Y63: 0 | Z63: -11513 | AA63: 0 | AB63: 0 | AC63: =SUM(H63:AB63) -> -260408 | AD63: =IFERROR(AC63/F63*100,0)/10000000 -> -0.86802667
A64: P3113 | B64: Vaishali | C64: S1520/ATS1520 | D64: Vaishali | E64: NSEFO | F64: 2.5 | H64: -5904 | I64: -9620 | J64: 7757 | K64: -39975 | L64: 0 | M64: -27796 | N64: 51334 | O64: 0 | P64: -32505 | Q64: -52117 | R64: 12133 | S64: 22247 | T64: 11165 | U64: 7877 | V64: -7450 | W64: 58035 | X64: -73123 | Y64: 0 | Z64: 0 | AA64: 0 | AB64: 0 | AC64: =SUM(H64:AB64) -> -77942 | AD64: =IFERROR(AC64/F64*100,0)/10000000 -> -0.311768
A65: P3432 | B65: Umesh Sukija | C65: ATS_1527 | E65: NSEFO | F65: 1.5 | H65: 1981 | I65: -2232 | J65: -3400 | K65: 0 | L65: 0 | M65: 3845 | N65: 44147 | O65: 317 | P65: 4344 | Q65: 0 | R65: 0 | S65: 280 | T65: 576 | U65: 41080 | V65: 0 | W65: -2122 | X65: -8276 | Y65: 523 | Z65: 4810 | AA65: 0 | AB65: -3202 | AC65: =SUM(H65:AB65) -> 82671 | AD65: =IFERROR(AC65/F65*100,0)/10000000 -> 0.55114
A66: P3415 | B66: Umesh Sukija | C66: XTS40 | E66: NSEFO/BSEFO | F66: 5 | H66: 4563 | I66: -67582 | J66: -6980 | K66: -2604 | L66: 2937 | M66: 23984 | N66: 201153 | O66: -12086 | P66: 50799 | Q66: -190 | R66: -1275 | S66: -6307 | T66: 3193 | U66: 12890 | V66: 1800 | W66: -3460 | X66: -8723 | Y66: -3082 | Z66: 18263 | AA66: 10737 | AB66: -1772 | AC66: =SUM(H66:AB66) -> 216258 | AD66: =IFERROR(AC66/F66*100,0)/10000000 -> 0.432516
H68: =SUM(H4:H66) -> 662501 | I68: =SUM(I4:I66) -> -3280810 | J68: =SUM(J4:J66) -> -2455834 | K68: =SUM(K4:K66) -> -445313 | L68: =SUM(L4:L66) -> 359583 | M68: =SUM(M4:M66) -> 613475 | N68: =SUM(N4:N66) -> 2759535 | O68: =SUM(O4:O66) -> 173698 | ... AB68: =SUM(AB4:AB66) -> -2319045 | AC68: =SUM(H68:AB68) -> -5385756 | AD68: =IFERROR(AC68/F68*100,0)/10000000 -> 0
A70: P3361 | B70: Nishaanth | C70: ATS | D70: self | E70: NSEFO | F70: 3 | H70: 4780 | I70: -77556 | J70: 0 | K70: -11375 | L70: 0 | M70: 0 | N70: 127500 | O70: 37317 | P70: 65831 | Q70: -40665 | R70: -78380 | S70: 156647 | T70: -45471 | U70: 204760 | V70: 746 | W70: -29842 | X70: -116040 | Y70: 12961 | Z70: -134500 | AA70: 0 | AB70: -5183 | AC70: =SUM(H70:AB70) -> 71530 | AD70: =IFERROR(AC70/F70*100,0)/10000000 -> 0.23843333
A71: P3354 | B71: Sahil Rathore | C71: ATS | D71: self | E71: NSEFO | H71: 0 | I71: -310900 | J71: 0 | K71: 0 | L71: 100 | M71: 0 | N71: 276000 | O71: 0 | P71: 0 | Q71: 0 | R71: 0 | S71: 198600 | T71: 0 | U71: 0 | V71: 0 | W71: 9894 | X71: 40560 | Y71: 0 | Z71: 0 | AA71: 0 | AB71: -16815 | AC71: =SUM(H71:AB71) -> 197439 | AD71: =IFERROR(AC71/F71*100,0)/10000000 -> 0
H73: =SUM(H70:H71) -> 4780 | I73: =SUM(I70:I71) -> -388456 | J73: =SUM(J70:J71) -> 0 | K73: =SUM(K70:K71) -> -11375 | L73: =SUM(L70:L71) -> 100 | M73: =SUM(M70:M71) -> 0 | N73: =SUM(N70:N71) -> 403500 | O73: =SUM(O70:O71) -> 37317 | ... AB73: =SUM(AB70:AB71) -> -21998 | AC73: =SUM(H73:AB73) -> 268969

Sheet JULY-2026
H2: 46204 | I2: 46205 | J2: 46206 | K2: 46209 | L2: 46210 | M2: 46211 | N2: 46212 | O2: 46213 | P2: 46216 | Q2: 46217 | R2: 46218 | S2: 46219 | T2: 46220 | U2: 46223 | V2: 46224 | W2: 46225 | X2: 46226 | Y2: 46227 | Z2: 46230 | AA2: 46231 | AB2: 46232 | AC2: 46233 | AD2: 46234 | AE2: JULY | AF2: JULY ROI
A3: CODE | B3: NAME | C3: ID | D3: STRATEGY | E3: SEGMENT | F3: FUND | H3: WED | I3: THU | J3: FRI | K3: MON | L3: TUE | M3: WED | N3: THU | O3: FRI | P3: MON | Q3: TUE | R3: WED | S3: THU | T3: FRI | U3: MON | V3: TUE | W3: WED | X3: THU | Y3: FRI | Z3: MON | AA3: TUE | AB3: WED | AC3: THU | AD3: FRI | AM3: OPT | AN3: 13780
A4: P3389 | B4: Abdul | C4: XTS09 | D4: ATR-Strangle | E4: NSEFO | F4: 0.5 | H4: 4790 | I4: -3144 | J4: 241 | K4: 7866 | L4: -3563 | M4: 15540 | N4: -1771 | O4: 799 | P4: 2854 | Q4: 2857 | R4: -16407 | S4: -6242 | T4: 16510 | U4: 10350 | V4: 0 | W4: 5535 | X4: -3229 | Y4: -12487 | Z4: -2604 | AA4: -10819 | AB4: -1413 | AC4: -9091 | AD4: -13213 | AE4: =SUM(H4:AD4) -> -16641 | AF4: =IFERROR(AE4/F4*100,0)/10000000 -> -0.33282 | AM4: FUTURE EXP | AN4: 2865
A5: P2951 | B5: Aman 20-60 | C5: XTS01 | D5: 20_60 | E5: NSEFO | F5: 3 | H5: 111270 | I5: -71600 | J5: 69550 | K5: 132600 | L5: -25400 | M5: -220300 | N5: 75319 | O5: 209143 | P5: -2000 | Q5: 148423 | R5: -142537 | S5: -105029 | T5: -123488 | U5: -24272 | V5: 172650 | W5: 51000 | X5: -129300 | Y5: 3241 | Z5: 101900 | AA5: -27154 | AB5: 13090 | AC5: -149200 | AD5: 62900 | AE5: =SUM(H5:AD5) -> 130806 | AF5: =IFERROR(AE5/F5*100,0)/10000000 -> 0.43602
A6: P3166 | B6: Aman Dohre | C6: XTS03 | D6: MACD/Direction | E6: STOCK OP | F6: 3 | H6: 0 | I6: 650 | J6: 300 | K6: -125 | L6: 300 | M6: -566 | N6: -114964 | O6: 147214 | P6: 127200 | Q6: 34088 | R6: -127466 | S6: 3480 | T6: 79443 | U6: 127000 | V6: 23770 | W6: 6180 | X6: -36000 | Y6: -140830 | Z6: -377000 | AA6: 24283 | AB6: 39143 | AC6: 140238 | AD6: 83400 | AE6: =SUM(H6:AD6) -> 39738 | AF6: =IFERROR(AE6/F6*100,0)/10000000 -> 0.13246 | AI6: 3389
A7: P3390 | B7: Aman Dohre | C7: XTS34 | D7: NSE FO | E7: NSEFO | F7: 1.5 | H7: -31750 | I7: -11773 | J7: -6550 | K7: 9276 | L7: 12580 | M7: 22564 | N7: -7637 | O7: -94177 | P7: 77149 | Q7: -66903 | R7: 8736 | S7: -31072 | T7: 18397 | U7: -26088 | V7: 19169 | W7: -8889 | X7: 22881 | Y7: -96502 | Z7: -24000 | AA7: -30138 | AB7: -10850 | AC7: -76323 | AD7: 13418 | AE7: =SUM(H7:AD7) -> -318482 | AF7: =IFERROR(AE7/F7*100,0)/10000000 -> -2.1232133 | AH7: 514796
A8: P3390_1 | B8: Aman Dohre | C8: ATS1507 | D8: NSE FO | F8: 0.6 | S8: 0 | T8: 0 | U8: -8735 | V8: 5536 | W8: 1670 | X8: 2400 | Y8: -33450 | Z8: -51933 | AA8: -49304 | AB8: -45678 | AC8: 33600 | AD8: 19861 | AE8: =SUM(H8:AD8) -> -126033 | AF8: =IFERROR(AE8/F8*100,0)/10000000 -> -2.10055 | AH8: 518186 | AI8: =(AH8+AH7)/10000000*13780 -> 1423.4492
A9: P3117 | B9: Ansh Aggarwal | C9: ATS_1007 | D9: Falcon | E9: NSEFO | F9: 15 | H9: 0 | I9: 152862 | J9: 0 | K9: 173400 | L9: 556800 | M9: 1296 | N9: 1200 | O9: 30300 | P9: -663630 | Q9: 794821 | R9: 36037 | S9: 65510 | T9: -247820 | U9: 511000 | V9: 690400 | W9: 0 | X9: 0 | Y9: 0 | Z9: 0 | AA9: 216700 | AB9: 0 | AC9: 17400 | AD9: 0 | AE9: =SUM(H9:AD9) -> 2336276 | AF9: =IFERROR(AE9/F9*100,0)/10000000 -> 1.5575173
A10: P3323_1 | B10: Amit&Kartik | C10: XTS35 | D10: Strangle/Spread | E10: NSEFO | F10: 6 | H10: 0 | I10: 34202 | J10: 432 | K10: 1337 | L10: 75680 | M10: -1450 | N10: -147989 | O10: -309 | P10: 2810 | Q10: 62906 | R10: 0 | S10: 37592 | T10: -50 | U10: 34451 | V10: 301487 | W10: 0 | X10: 61497 | Y10: 0 | Z10: 18974 | AA10: 12660 | AB10: 0 | AC10: -88284 | AD10: 0 | AE10: =SUM(H10:AD10) -> 405946 | AF10: =IFERROR(AE10/F10*100,0)/10000000 -> 0.67657667
A11: P2827 | B11: Bharat | C11: UT | D11: ETF | E11: CASH | F11: 1 | H11: 20 | J11: 3492 | K11: 348 | L11: -2103 | M11: -5059 | N11: 2186 | O11: -702 | P11: -800 | Q11: -1547 | R11: 755 | S11: -400 | T11: 76 | U11: 1496 | V11: 2360 | W11: 762 | X11: -900 | Y11: -1012 | Z11: 2311 | AA11: -3022 | AB11: 651 | AC11: 1227 | AD11: 955 | AE11: =SUM(H11:AD11) -> 1094 | AF11: =IFERROR(AE11/F11*100,0)/10000000 -> 0.01094
A12: P3090 | B12: Bharat | C12: XTS04 | D12: STRADDLE | E12: NSEFO | F12: 2.5 | H12: -1440 | I12: 3046 | J12: 6317 | K12: -42826 | L12: 95540 | M12: -32840 | N12: 20131 | O12: 21943 | P12: -23715 | Q12: 100693 | R12: -64865 | S12: 4509 | T12: -34848 | U12: 46090 | V12: 35687 | W12: 7587 | X12: -6124 | Y12: 0 | Z12: 61509 | AA12: 27200 | AB12: -2000 | AC12: -36300 | AD12: 22216 | AE12: =SUM(H12:AD12) -> 207510 | AF12: =IFERROR(AE12/F12*100,0)/10000000 -> 0.83004
A13: P2954 | B13: Yogesh kumar | C13: XTS39 | D13: STRADDLE | E13: NSEFO | F13: 2.2 | H13: 0 | I13: 0 | J13: 0 | K13: 0 | L13: 0 | M13: -6198 | N13: 0 | O13: 0 | P13: -28707 | Q13: 27933 | R13: -49016 | S13: 12316 | T13: -44146 | U13: 47587 | V13: -5520 | W13: -6686 | X13: 2157 | Y13: 0 | Z13: 62648 | AA13: 27205 | AB13: -1556 | AC13: -38377 | AD13: 20948 | AE13: =SUM(H13:AD13) -> 20588 | AF13: =IFERROR(AE13/F13*100,0)/10000000 -> 0.093581818 | AI13: =AI6-AI8 -> 1965.5508 | AL13: 57000 | AM13: 44900 | AN13: =AM13+AL13 -> 101900
A14: P3196 | B14: Bharat Munjal(B | C14: ATS_1505 | D14: STRADDLE | E14: BSEFO | F14: 1 | H14: 0 | I14: 7426 | J14: 0 | K14: 0 | L14: 0 | M14: 0 | N14: 0 | O14: 0 | P14: 0 | Q14: 0 | R14: 0 | S14: 0 | T14: 0 | U14: 0 | V14: 0 | W14: 0 | X14: 0 | Y14: 0 | Z14: 0 | AA14: 0 | AB14: 0 | AC14: 0 | AD14: 0 | AE14: =SUM(H14:AD14) -> 7426 | AF14: =IFERROR(AE14/F14*100,0)/10000000 -> 0.07426
A15: P3079 | B15: Yogesh | C15: UT | D15: ETF | E15: CASH | F15: 1 | H15: 3540 | I15: 16100 | J15: 4670 | K15: 9809 | L15: -12294 | M15: -32094 | N15: 21039 | O15: 10918 | P15: 366 | Q15: -9353 | R15: 4897 | S15: -1200 | T15: -2527 | U15: 13200 | V15: 9792 | W15: -8519 | X15: -14795 | Y15: -3739 | Z15: 20640 | AA15: -11425 | AB15: 15201 | AC15: -2268 | AD15: 8310 | AE15: =SUM(H15:AD15) -> 40268 | AF15: =IFERROR(AE15/F15*100,0)/10000000 -> 0.40268
A16: P2817 | B16: DK Sir_M | C16: S1504 | D16: Maximum | E16: NSEFO | F16: 2.5 | H16: -54200 | I16: 0 | J16: 121526 | K16: -6963 | L16: 0 | M16: -21308 | N16: -90760 | O16: 0 | P16: 70752 | Q16: 75232 | R16: 79058 | S16: -43847 | T16: 0 | U16: 0 | V16: 10700 | W16: -41457 | X16: 63900 | Y16: 0 | Z16: -39000 | AA16: 0 | AB16: -30735 | AC16: -24500 | AD16: -20724 | AE16: =SUM(H16:AD16) -> 47674 | AF16: =IFERROR(AE16/F16*100,0)/10000000 -> 0.190696
A17: P2792 | B17: DK Sir_T | C17: S1502 | D17: ThanosNF | E17: NSEFO | F17: 4 | H17: 47580 | I17: 0 | J17: 65158 | K17: -1556 | L17: 0 | M17: 93116 | N17: -128500 | O17: 0 | P17: 213057 | Q17: -18706 | R17: 98037 | S17: 117311 | T17: 0 | U17: 0 | V17: 27600 | W17: -49807 | X17: 65236 | Y17: 0 | Z17: -93605 | AA17: 0 | AB17: 3564 | AC17: -65559 | AD17: -22909 | AE17: =SUM(H17:AD17) -> 350017 | AF17: =IFERROR(AE17/F17*100,0)/10000000 -> 0.8750425
A18: P3398 | B18: Himansu Pal | C18: XTS31 | D18: SELF | E18: NSEFO | F18: 1 | H18: 71 | I18: -1125 | J18: 17550 | K18: -2876 | L18: 44850 | M18: 2250 | N18: -8636 | O18: 14776 | P18: -30410 | Q18: -20810 | R18: -38137 | S18: 3947 | T18: 0 | U18: 0 | V18: 0 | W18: 0 | X18: 0 | Y18: 0 | Z18: 0 | AA18: 0 | AB18: 0 | AC18: 0 | AD18: 0 | AE18: =SUM(H18:AD18) -> -18550 | AF18: =IFERROR(AE18/F18*100,0)/10000000 -> -0.1855
A19: P3311 | B19: Himansu Pal | C19: ATS_1510 | D19: Directional | E19: NSEFO | F19: 1.5 | H19: 7800 | I19: -15215 | J19: -7500 | K19: 44350 | L19: -56040 | M19: 93247 | N19: -42442 | O19: 37818 | P19: 18985 | Q19: 70778 | R19: -23919 | S19: 26823 | T19: 46200 | U19: 22600 | V19: 71650 | W19: 45400 | X19: -16330 | Y19: -22680 | Z19: 34733 | AA19: -12200 | AB19: 22000 | AC19: -224584 | AD19: -21126 | AE19: =SUM(H19:AD19) -> 100348 | AF19: =IFERROR(AE19/F19*100,0)/10000000 -> 0.66898667
A20: P3181 | B20: Harshit | C20: XTS32 | D20: SELF | E20: NSEFO | F20: 1.1 | H20: 24875 | I20: 21210 | J20: 14964 | K20: 5890 | L20: 10407 | M20: -20698 | N20: 2097 | O20: 20173 | P20: 16030 | Q20: 11795 | R20: 5355 | S20: 14887 | T20: -51935 | U20: 49870 | V20: 10480 | W20: 0 | X20: 0 | Y20: -51923 | Z20: 0 | AA20: 0 | AB20: 0 | AC20: 2062 | AD20: -25454 | AE20: =SUM(H20:AD20) -> 60085 | AF20: =IFERROR(AE20/F20*100,0)/10000000 -> 0.54622727
A21: P3400 | B21: Aman Sharma | C21: XTS37 | D21: SELF | E21: NSEFO | F21: 0.25 | H21: 0 | I21: 3635 | J21: -1348 | K21: -1260 | L21: 12355 | M21: -3878 | N21: -15727 | O21: 2456 | P21: -13555 | Q21: -702 | R21: 1200 | S21: 7717 | T21: -16132 | U21: 14800 | V21: 24317 | W21: -26316 | X21: 5568 | Y21: -1924 | Z21: 1115 | AA21: 7751 | AB21: 9340 | AC21: 18850 | AD21: 282 | AE21: =SUM(H21:AD21) -> 28544 | AF21: =IFERROR(AE21/F21*100,0)/10000000 -> 1.14176
A22: P3091 | B22: Hardik | C22: XTS010 | D22: SELF | E22: NSEFO | F22: 2 | H22: -50 | I22: 3717 | J22: -1518 | K22: 2873 | L22: 2380 | M22: -56420 | N22: 5972 | O22: 0 | P22: -3600 | Q22: 0 | R22: 1660 | S22: 0 | T22: 0 | U22: 1663 | V22: 0 | W22: 1411 | X22: 3247 | Y22: 6190 | Z22: 6796 | AA22: 5877 | AB22: 0 | AC22: 4586 | AD22: 0 | AE22: =SUM(H22:AD22) -> -15216 | AF22: =IFERROR(AE22/F22*100,0)/10000000 -> -0.07608
A23: P3109 | B23: Jyoti Prakesh | C23: XTS30 | D23: Straddle | E23: NSEFO | F23: 1.1 | H23: 16930 | I23: 4307 | J23: 101709 | K23: 86866 | L23: 99700 | M23: -50943 | N23: -42439 | O23: 36329 | P23: -22950 | Q23: 38905 | R23: -77108 | S23: 20986 | T23: -50700 | U23: -11018 | V23: 71425 | W23: 15670 | X23: 26521 | Y23: -2134 | Z23: 11276 | AA23: 29627 | AB23: 34780 | AC23: -21700 | AD23: 14652 | AE23: =SUM(H23:AD23) -> 330691 | AF23: =IFERROR(AE23/F23*100,0)/10000000 -> 3.0062818
A24: P3146 | B24: Jinesh Jain | C24: CQS5 | D24: CASH | E24: CASH | F24: 2.3 | H24: 75300 | I24: 242600 | J24: 140690 | K24: 190993 | L24: -78000 | M24: -596602 | N24: 198424 | O24: 376600 | P24: 10845 | Q24: -147458 | R24: 75988 | S24: -52424 | T24: -2730 | U24: 161000 | V24: 81800 | W24: -264300 | X24: -230700 | Y24: 24235 | Z24: 312000 | AA24: 45700 | AB24: 253603 | AC24: -54332 | AD24: 117600 | AE24: =SUM(H24:AD24) -> 880832 | AF24: =IFERROR(AE24/F24*100,0)/10000000 -> 3.8297043
A25: P3434 | B25: Kapil Kumar | C25: ATS_1529 | E25: NSEFO | F25: 0.2 | U25: 0 | V25: 0 | W25: 0 | X25: 0 | Y25: 0 | Z25: 0 | AA25: -50 | AB25: -1190 | AC25: -441 | AD25: -813 | AE25: =SUM(H25:AD25) -> -2494 | AF25: =IFERROR(AE25/F25*100,0)/10000000 -> -0.1247
A26: P2105 | B26: Kamlesh | C26: S1501 | D26: Wanda | E26: NSEFO | F26: 5 | H26: 180000 | I26: 93400 | J26: 327530 | K26: 233700 | L26: 0 | M26: 42900 | N26: -666900 | O26: 0 | P26: 282500 | Q26: -7300 | R26: 215900 | S26: -60400 | T26: 0 | U26: 0 | V26: 80000 | W26: -214000 | X26: -209700 | Y26: 0 | Z26: -261400 | AA26: 0 | AB26: -35800 | AC26: -98900 | AD26: 0 | AE26: =SUM(H26:AD26) -> -98470 | AF26: =IFERROR(AE26/F26*100,0)/10000000 -> -0.19694
A27: P3024 | B27: Kartaram | C27: ATS_1005 | D27: Spider 2.0 | E27: NSEFO | F27: 10 | H27: 426413 | I27: 428266 | J27: 0 | K27: 0 | L27: 347380 | M27: 37644 | N27: -340535 | O27: 300 | P27: -27222 | Q27: 402023 | R27: 281921 | S27: 245200 | T27: 0 | U27: 0 | V27: 454200 | W27: 13500 | X27: 502600 | Y27: 0 | Z27: 0 | AA27: 408800 | AB27: 20145 | AC27: 71462 | AD27: 0 | AE27: =SUM(H27:AD27) -> 3272097 | AF27: =IFERROR(AE27/F27*100,0)/10000000 -> 3.272097
A28: PSW019 | B28: Kartaram SWV0097 | C28: ATS_1015 | D28: Spider 2.0 | E28: NSEFO | F28: 13 | H28: 542629 | I28: 546400 | J28: 0 | K28: 0 | L28: 437550 | M28: 45970 | N28: -2048050 | O28: 100 | P28: -32800 | Q28: 543000 | R28: 279065 | S28: 326100 | T28: 0 | U28: 0 | V28: 602260 | W28: 30800 | X28: 604100 | Y28: 0 | Z28: 0 | AA28: 529700 | AB28: 33464 | AC28: 83700 | AD28: 0 | AE28: =SUM(H28:AD28) -> 2523988 | AF28: =IFERROR(AE28/F28*100,0)/10000000 -> 1.9415292 | AI28: -35500
A29: PHPO07 | B29: Kartaram HPO2780 | C29: ATS_1038 | D29: Spider 2.0 | E29: NSEFO | F29: 6 | H29: 241600 | I29: 242400 | J29: 0 | K29: 0 | L29: 194660 | M29: 2857 | N29: -959689 | O29: 0 | P29: -14150 | Q29: 240900 | R29: 122900 | S29: 145000 | T29: 0 | U29: 0 | V29: 267000 | W29: 13400 | X29: 267600 | Y29: 0 | Z29: 0 | AA29: 235100 | AB29: 15444 | AC29: 36900 | AD29: 0 | AE29: =SUM(H29:AD29) -> 1051922 | AF29: =IFERROR(AE29/F29*100,0)/10000000 -> 1.7532033 | AI29: -63400 | AL29: 90975 | AO29: -38200
A30: SWV0096 | B30: Kartaram SWV0096 | C30: ATS_1034 | D30: Spider 2.0 | E30: NSEFO | F30: 1.5 | H30: 60264 | I30: 60825 | J30: 0 | K30: 0 | L30: 48650 | M30: -2319 | N30: -239941 | O30: 0 | P30: -3600 | Q30: 60366 | R30: 30860 | S30: 36200 | T30: 0 | U30: 0 | V30: 66880 | W30: 3400 | X30: 67200 | Y30: 0 | Z30: 0 | AA30: 58800 | AB30: 3880 | AC30: 9300 | AD30: 0 | AE30: =SUM(H30:AD30) -> 260765 | AF30: =IFERROR(AE30/F30*100,0)/10000000 -> 1.7384333 | AI30: 0 | AL30: -31616 | AO30: 11900
A31: XMR0548 | B31: Kartaram XMR0548 | C31: ATS_1041 | D31: Spider 2.0 | E31: NSEFO | F31: 1.25 | H31: 60478 | I31: 60700 | J31: 0 | K31: 0 | L31: 48600 | M31: 990 | N31: -233040 | O31: 0 | P31: -3434 | Q31: 60000 | R31: 31123 | S31: 36300 | T31: 0 | U31: 0 | V31: 66830 | W31: 3400 | X31: 67000 | Y31: 0 | Z31: 0 | AA31: 58600 | AB31: 3900 | AC31: 9300 | AD31: 0 | AE31: =SUM(H31:AD31) -> 270747 | AF31: =IFERROR(AE31/F31*100,0)/10000000 -> 2.165976
A32: PA528 | B32: Arachana Ma'am | C32: ATS-1022 | D32: SPIDER 2.0 | E32: NSEFO | F32: 1.5 | H32: 60362 | I32: 60900 | J32: 0 | K32: 0 | L32: 48700 | M32: 626 | N32: -234640 | O32: 0 | P32: -3675 | Q32: 60565 | R32: 31000 | S32: 36600 | T32: 0 | U32: 0 | V32: 67000 | W32: 3600 | X32: 67440 | Y32: 0 | Z32: 0 | AA32: 58700 | AB32: 3900 | AC32: 9600 | AD32: 0 | AE32: =SUM(H32:AD32) -> 270678 | AF32: =IFERROR(AE32/F32*100,0)/10000000 -> 1.80452 | AI32: =SUM(AI27:AI30) -> -98900 | AL32: =SUM(AL29:AL30) -> 59359
A33: P3202 | B33: Gagandeep | C33: XTS12 | D33: SELF | E33: NSEFO | F33: 5 | H33: -2266 | I33: 258160 | J33: 0 | K33: 0 | L33: 24660 | M33: 0 | N33: -309954 | O33: 0 | P33: 0 | Q33: 199997 | R33: 0 | S33: 62152 | T33: 0 | U33: 0 | V33: 369953 | W33: 0 | X33: 128936 | Y33: 0 | Z33: 0 | AA33: 333027 | AB33: 0 | AC33: 140650 | AD33: 0 | AE33: =SUM(H33:AD33) -> 1205315 | AF33: =IFERROR(AE33/F33*100,0)/10000000 -> 2.41063
A34: P3020 | B34: Mahavir Jindal | C34: XTS02 | D34: SELF | E34: NSEFO | F34: 5 | H34: 27542 | I34: 60680 | J34: 80384 | K34: 0 | L34: -71200 | M34: 22471 | N34: -80994 | O34: 87676 | P34: 88216 | Q34: 70825 | R34: 110800 | S34: -128122 | T34: 50809 | U34: -122778 | V34: -20000 | W34: 44400 | X34: 61044 | Y34: 127150 | Z34: -35352 | AA34: 4986 | AB34: 79831 | AC34: 10806 | AD34: -11679 | AE34: =SUM(H34:AD34) -> 457495 | AF34: =IFERROR(AE34/F34*100,0)/10000000 -> 0.91499
A35: P3341 | B35: Maneesh Yadav | C35: XTS18 | D35: Theta Dominance | E35: NSEFO | F35: 1 | H35: 165 | I35: 1475 | J35: 1414 | K35: 35440 | L35: -7500 | M35: -56540 | N35: -43488 | O35: 4012 | P35: -15000 | Q35: 28160 | R35: -3750 | S35: -9983 | T35: 59642 | U35: 38874 | V35: 50680 | W35: 15270 | X35: 11816 | Y35: -62554 | Z35: -22238 | AA35: -100 | AB35: 5477 | AC35: -48262 | AD35: 1965 | AE35: =SUM(H35:AD35) -> -15025 | AF35: =IFERROR(AE35/F35*100,0)/10000000 -> -0.15025
A36: P2971_2 | B36: Neeraj Garg | C36: S1514 | D36: ACE1 | E36: NSEFO | F36: 0.4 | H36: -6975 | I36: -6400 | J36: 6350 | K36: 32800 | L36: -41187 | M36: 32000 | N36: -13284 | O36: 13600 | P36: 34570 | Q36: 0 | R36: 18390 | S36: -39161 | T36: -12452 | U36: -7179 | V36: 22797 | W36: -5203 | X36: -9535 | Y36: -34663 | Z36: -35973 | AA36: 9509 | AB36: -3585 | AC36: -17999 | AD36: -55165 | AE36: =SUM(H36:AD36) -> -118745 | AF36: =IFERROR(AE36/F36*100,0)/10000000 -> -2.968625
A37: P2940 | B37: Prince | C37: ATS1506 | D37: NSEFO | E37: CASH/FO | F37: 0.5 | H37: -1120 | I37: -67404 | J37: -37560 | K37: -1700 | L37: -39807 | M37: 18800 | N37: -11514 | O37: 40669 | P37: 0 | Q37: 0 | R37: -48610 | S37: -25924 | T37: 48351 | U37: 0 | V37: -2242 | W37: 54800 | X37: -23011 | Y37: -74288 | Z37: 0 | AA37: -44590 | AB37: 0 | AC37: 0 | AD37: 0 | AE37: =SUM(H37:AD37) -> -215150 | AF37: =IFERROR(AE37/F37*100,0)/10000000 -> -4.303 | AI37: 4218
A38: P3347 | B38: Prince | C38: NEST | D38: NSEFO | E38: NSEFO | F38: 0.5 | H38: -9165 | I38: 0 | J38: 200 | K38: 2808 | L38: -14878 | M38: 35226 | N38: -19781 | O38: 0 | P38: 5200 | Q38: 4372 | R38: -16548 | S38: -36749 | T38: 0 | U38: 0 | V38: -1677 | W38: 3425 | X38: -9988 | Y38: 0 | Z38: -2150 | AA38: 0 | AB38: -4848 | AC38: 0 | AD38: 0 | AE38: =SUM(H38:AD38) -> -64553 | AF38: =IFERROR(AE38/F38*100,0)/10000000 -> -1.29106
A39: P3070 | B39: Prateek | C39: ATS_1504 | D39: Smart Strangle | E39: NSEFO | F39: 4 | H39: -5000 | I39: -13105 | J39: 1800 | K39: 60260 | L39: -51072 | M39: 151300 | N39: -122301 | O39: 17800 | P39: 51558 | Q39: 90413 | R39: -20022 | S39: -7230 | T39: 58512 | U39: 58400 | V39: 53300 | W39: 50700 | X39: -15344 | Y39: 2795 | Z39: 71400 | AA39: -54014 | AB39: -11115 | AC39: 19650 | AD39: -28000 | AE39: =SUM(H39:AD39) -> 360685 | AF39: =IFERROR(AE39/F39*100,0)/10000000 -> 0.9017125 | AH39: 106861 | AI39: =(AH40+AH39)/10000000*13780 -> 300.32132
A40: P2999 | B40: Prateek | C40: ATS_1519 | D40: ETF | E40: ETF | F40: 1 | H40: 23450 | I40: 53926 | J40: 22400 | K40: 29147 | L40: -36500 | M40: -106390 | N40: 82961 | O40: 75875 | P40: 10396 | Q40: -55868 | R40: 18362 | S40: -7947 | T40: -5124 | U40: 19300 | V40: 32755 | W40: -55744 | X40: -51799 | Y40: -11901 | Z40: 71551 | AA40: -3073 | AB40: 49493 | AC40: -28610 | AD40: 23723 | AE40: =SUM(H40:AD40) -> 150383 | AF40: =IFERROR(AE40/F40*100,0)/10000000 -> 1.50383 | AH40: 111079
A41: P3186 | B41: Prateek | C41: XTS17 | D41: Opton | E41: NSEFO | F41: 0.5 | H41: 4810 | I41: -3758 | J41: 222 | K41: 7680 | L41: 2650 | M41: 15550 | N41: -2277 | O41: 831 | P41: 2936 | Q41: 2714 | R41: -16365 | S41: -6138 | T41: 41544 | U41: 17724 | V41: 0 | W41: 15769 | X41: -1637 | Y41: -18365 | Z41: -4667 | AA41: -25225 | AB41: -28429 | AC41: -36340 | AD41: -21335 | AE41: =SUM(H41:AD41) -> -52106 | AF41: =IFERROR(AE41/F41*100,0)/10000000 -> -1.04212
A42: P3168 | B42: Prabjot singh | C42: ATS_1502 | D42: Direction range | E42: NSEFO | F42: 3 | H42: 37150 | I42: 60410 | J42: 30111 | K42: -2320 | L42: 51612 | M42: -61334 | N42: -28346 | O42: 62800 | P42: -110724 | Q42: 88181 | R42: 34200 | S42: -51500 | T42: -67651 | U42: 50250 | V42: 34700 | W42: -5330 | X42: -12120 | Y42: -12600 | Z42: 4300 | AA42: 27370 | AB42: 28714 | AC42: -41483 | AD42: 26448 | AE42: =SUM(H42:AD42) -> 142838 | AF42: =IFERROR(AE42/F42*100,0)/10000000 -> 0.47612667
A43: P3135 | B43: Piyush Singhal | C43: ATS_1509 | D43: Directional strangle | E43: NSEFO | F43: 3 | H43: -27800 | I43: -36816 | J43: 15600 | K43: 4943 | L43: 13800 | M43: 15600 | N43: -101224 | O43: 66833 | P43: -19732 | Q43: 67314 | R43: -96966 | S43: 123857 | T43: 775 | U43: 28900 | V43: -9782 | W43: -6600 | X43: -6200 | Y43: -19774 | Z43: 68600 | AA43: -2150 | AB43: 22680 | AC43: -15060 | AD43: -7600 | AE43: =SUM(H43:AD43) -> 79198 | AF43: =IFERROR(AE43/F43*100,0)/10000000 -> 0.26399333 | AI43: =AI37-AI39 -> 3917.6787
A44: PSW024 | B44: Piyush SWV0097 | C44: ATS_1518 | D44: Directional strangle | E44: NSEFO | F44: 3 | H44: -28250 | I44: -37329 | J44: 15800 | K44: -6322 | L44: 15300 | M44: 45970 | N44: -82015 | O44: 51530 | P44: -9550 | Q44: 49820 | R44: -30365 | S44: 25924 | T44: 800 | U44: 28900 | V44: -10111 | W44: -6600 | X44: -6400 | Y44: -19735 | Z44: 68800 | AA44: -2300 | AB44: 22680 | AC44: -14870 | AD44: -7600 | AE44: =SUM(H44:AD44) -> 64077 | AF44: =IFERROR(AE44/F44*100,0)/10000000 -> 0.21359
A45: P3152 | B45: Rashil Khetan | C45: XTS29 | E45: NSEFO | F45: 0.1 | H45: 0 | I45: 0 | J45: 0 | K45: 0 | L45: 0 | M45: 0 | N45: 0 | O45: -3000 | P45: 4522 | Q45: 1336 | R45: 2135 | S45: 469 | T45: 0 | U45: -2583 | V45: 3166 | W45: 10788 | X45: 2857 | Y45: -14992 | Z45: 107 | AA45: -5610 | AB45: -100 | AC45: -717 | AD45: -10393 | AE45: =SUM(H45:AD45) -> -12015 | AF45: =IFERROR(AE45/F45*100,0)/10000000 -> -1.2015
A46: P3342 | B46: Raghav Tuli | C46: XTS20 | D46: Flaxi trade | E46: NSEFO | F46: 1 | H46: 0 | I46: 17642 | J46: 0 | K46: 2907 | L46: -14902 | M46: 14833 | N46: -42825 | O46: 8000 | P46: 14434 | Q46: -16918 | R46: -20512 | S46: 4243 | T46: 0 | U46: 14057 | V46: 16938 | W46: 0 | X46: 986 | Y46: 0 | Z46: 23077 | AA46: 10100 | AB46: 0 | AC46: 0 | AD46: 0 | AE46: =SUM(H46:AD46) -> 32060 | AF46: =IFERROR(AE46/F46*100,0)/10000000 -> 0.3206
A47: P3082 | B47: Ramakar Jha | C47: ATS_1503 | D47: CASH | E47: CASH | F47: 1 | H47: 17715 | I47: 64000 | J47: -46888 | K47: -8413 | L47: -64400 | M47: -67507 | N47: 228860 | O47: 97432 | P47: -11280 | Q47: -90708 | R47: 135419 | S47: 46445 | T47: -131313 | U47: 58300 | V47: 38420 | W47: -89956 | X47: -70232 | Y47: -16070 | Z47: 59000 | AA47: -104069 | AB47: 98202 | AC47: -61557 | AD47: 102817 | AE47: =SUM(H47:AD47) -> 184217 | AF47: =IFERROR(AE47/F47*100,0)/10000000 -> 1.84217
A48: P3433 | B48: Sanchit | C48: ATS_1528 | E48: NSEFO | F48: 0.1 | T48: 0 | U48: 0 | V48: 0 | W48: 0 | X48: 0 | Y48: 0 | Z48: 0 | AA48: 311 | AB48: -1376 | AC48: -5065 | AD48: 1665 | AE48: =SUM(H48:AD48) -> -4465 | AF48: =IFERROR(AE48/F48*100,0)/10000000 -> -0.4465
A49: P3335 | B49: Sajal Sharma | F49: 1 | H49: -7500 | I49: 5200 | J49: -2500 | K49: 800 | L49: 1000 | M49: 11000 | N49: -2400 | O49: 700 | P49: -7000 | Q49: -10000 | R49: -8500 | S49: -9000 | T49: 8000 | U49: -2500 | V49: 600 | W49: 400 | X49: 8000 | Y49: -4684 | Z49: 3320 | AA49: -100 | AB49: -990 | AC49: 5000 | AD49: 0 | AE49: =SUM(H49:AD49) -> -11154 | AF49: =IFERROR(AE49/F49*100,0)/10000000 -> -0.11154
A50: P3208 | B50: Sajal Sharma | C50: Odin | D50: BSEFO | E50: BSEFO | F50: 4 | H50: 38000 | I50: 120000 | J50: 0 | K50: 8000 | L50: 13000 | M50: -82000 | N50: 41000 | O50: 0 | P50: 7000 | Q50: 40000 | R50: 6000 | S50: 133000 | T50: 0 | U50: 4500 | V50: 5000 | W50: 400 | X50: 155000 | Y50: 0 | Z50: 0 | AA50: 0 | AB50: 29690 | AC50: -102300 | AD50: -1880 | AE50: =SUM(H50:AD50) -> 414410 | AF50: =IFERROR(AE50/F50*100,0)/10000000 -> 1.036025
A51: P3119 | B51: Sajal Sharma | C51: Odin | D51: NSE FO | E51: NSEFO | F51: 4 | H51: 0 | I51: 0 | J51: -2000 | K51: 0 | L51: 100000 | M51: 0 | N51: 0 | O51: 700 | P51: -43000 | Q51: 37000 | R51: 7000 | S51: -1500 | T51: -16000 | U51: 19000 | V51: 240000 | W51: 2000 | X51: -5000 | Y51: -26250 | Z51: 11765 | AA51: 120200 | AB51: 0 | AC51: 0 | AD51: 0 | AE51: =SUM(H51:AD51) -> 443915 | AF51: =IFERROR(AE51/F51*100,0)/10000000 -> 1.1097875
A52: P3048 | B52: Shahid | C52: XTS05 | D52: Shahid | E52: NSEFO | F52: 3 | H52: -100 | I52: 189865 | J52: 0 | K52: 40428 | L52: 1930 | M52: 223288 | N52: -306449 | O52: 0 | P52: 0 | Q52: 95027 | R52: 0 | S52: 12737 | T52: 0 | U52: 0 | V52: 266198 | W52: 0 | X52: -50366 | Y52: 70460 | Z52: 32904 | AA52: 155658 | AB52: -60456 | AC52: -277986 | AD52: -40160 | AE52: =SUM(H52:AD52) -> 352978 | AF52: =IFERROR(AE52/F52*100,0)/10000000 -> 1.1765933
A53: P3417 | B53: Sourav | C53: XTS38 | E53: NSEFO | U53: 0 | V53: 0 | W53: 0 | X53: 0 | Y53: 0 | Z53: 0 | AA53: 0 | AB53: 0 | AC53: 0 | AD53: 100 | AE53: =SUM(H53:AD53) -> 100 | AF53: =IFERROR(AE53/F53*100,0)/10000000 -> 0
A54: P3360 | B54: Vidhya sagar | C54: XTS07 | D54: Straddle Short | E54: NSEFO | F54: 0.5 | H54: -8850 | I54: -4389 | J54: 0 | K54: 400 | L54: 2850 | M54: -4080 | N54: -2545 | O54: -2000 | P54: -2395 | Q54: 0 | R54: 0 | S54: 5554 | T54: 0 | U54: 0 | V54: -12969 | W54: 3196 | X54: 1636 | Y54: -1936 | Z54: 0 | AA54: 8100 | AB54: -5056 | AC54: -6762 | AD54: 2143 | AE54: =SUM(H54:AD54) -> -27103 | AF54: =IFERROR(AE54/F54*100,0)/10000000 -> -0.54206
A55: P3385 | B55: Vikas Gupta | C55: XTS13 | D55: Vikas Gupta | E55: NSEFO | F55: 4 | H55: 0 | I55: 186659 | J55: 0 | K55: 0 | L55: 70516 | M55: 0 | N55: 117265 | O55: 0 | P55: 0 | Q55: 106368 | R55: 43227 | S55: 40092 | T55: 0 | U55: 76672 | V55: 131421 | W55: 22916 | X55: -67425 | Y55: 0 | Z55: 111319 | AA55: 84182 | AB55: 17580 | AC55: -63667 | AD55: 0 | AE55: =SUM(H55:AD55) -> 877125 | AF55: =IFERROR(AE55/F55*100,0)/10000000 -> 2.1928125
A56: P3386 | B56: Vikas Gupta | C56: XTS15 | D56: Vikas Gupta | E56: NSEFO | F56: 1.25 | H56: 2470 | I56: 38785 | J56: 21000 | K56: 36000 | L56: -51453 | M56: 0 | N56: 0 | O56: 0 | P56: 0 | Q56: 35309 | R56: 83382 | S56: 960 | T56: 25540 | U56: 4713 | V56: 46551 | W56: 69076 | X56: 112980 | Y56: 0 | Z56: -51087 | AA56: -103027 | AB56: 5881 | AC56: -68061 | AD56: 0 | AE56: =SUM(H56:AD56) -> 209019 | AF56: =IFERROR(AE56/F56*100,0)/10000000 -> 1.672152
A57: P3110 | B57: Varun tondan | C57: XTS36 | D57: Varun tondan | E57: NSEFO | F57: 3 | H57: 0 | I57: 187966 | J57: 0 | K57: 0 | L57: 117060 | M57: 0 | N57: -155199 | O57: 0 | P57: 0 | Q57: 344511 | R57: 0 | S57: 129819 | T57: 0 | U57: 0 | V57: 305333 | W57: 0 | X57: -56527 | Y57: 0 | Z57: 0 | AA57: 46283 | AB57: 0 | AC57: 45235 | AD57: 0 | AE57: =SUM(H57:AD57) -> 964481 | AF57: =IFERROR(AE57/F57*100,0)/10000000 -> 3.2149367
A58: P3113 | B58: Vaishali | C58: S1520/ATS1520 | D58: Vaishali | E58: NSEFO | F58: 2.5 | H58: 2000 | I58: -41390 | J58: 10252 | K58: -25733 | L58: -10000 | M58: 7400 | N58: -2380 | O58: 1500 | P58: 17900 | Q58: 3350 | R58: 2188 | S58: -27900 | T58: -9500 | U58: -22800 | V58: 15780 | W58: 23500 | X58: 34416 | Y58: 27080 | Z58: 5939 | AA58: -37600 | AB58: 17860 | AC58: -44896 | AD58: 17840 | AE58: =SUM(H58:AD58) -> -35194 | AF58: =IFERROR(AE58/F58*100,0)/10000000 -> -0.140776
A59: P3432 | B59: Umesh Sukija | C59: ATS_1527 | E59: NSEFO | F59: 0.25 | V59: 0 | W59: 0 | X59: 0 | Y59: 0 | Z59: 0 | AA59: -50 | AB59: -380 | AC59: -1548 | AD59: -528 | AE59: =SUM(H59:AD59) -> -2506 | AF59: =IFERROR(AE59/F59*100,0)/10000000 -> -0.10024
A60: P3415 | B60: Umesh Sukija | C60: XTS40 | E60: NSEFO/BSEFO | F60: 5 | H60: 0 | I60: 0 | J60: 0 | K60: 0 | L60: 0 | M60: 11515 | N60: -75858 | O60: -9000 | P60: -3670 | Q60: 26940 | R60: 7306 | S60: 75025 | T60: 2757 | U60: 723 | V60: 80000 | W60: -3661 | X60: 72461 | Y60: 0 | Z60: 3564 | AA60: 59128 | AB60: -1300 | AC60: 23300 | AD60: 3917 | AE60: =SUM(H60:AD60) -> 273147 | AF60: =IFERROR(AE60/F60*100,0)/10000000 -> 0.546294
H62: =SUM(H4:H60) -> 1832758 | I62: =SUM(I4:I60) -> 2913966 | J62: =SUM(J4:J60) -> 973798 | K62: =SUM(K4:K60) -> 1060827 | L62: =SUM(L4:L60) -> 1870211 | M62: =SUM(M4:M60) -> -464573 | N62: =SUM(N4:N60) -> -5930040 | O62: =SUM(O4:O60) -> 1329639 | ... AD62: =SUM(AD4:AD60) -> 256581 | AE62: =SUM(H62:AD62) -> 17695581 | AF62: =IFERROR(AE62/F62*100,0)/10000000 -> 0
A64: P3361 | B64: Nishaanth | C64: ATS | D64: self | E64: NSEFO | F64: 3 | H64: -85850 | I64: -7738 | J64: 0 | K64: 23670 | L64: 87400 | M64: 11200 | N64: 13200 | O64: 0 | P64: -128856 | Q64: 244410 | R64: -64821 | S64: 40068 | T64: 0 | U64: 38900 | V64: 400 | W64: -72768 | X64: 84900 | Y64: 0 | Z64: 15400 | AA64: 293115 | AB64: 6000 | AC64: 116350 | AD64: 0 | AE64: =SUM(H64:AD64) -> 614980 | AF64: =IFERROR(AE64/F64*100,0)/10000000 -> 2.0499333
A65: P3354 | B65: Sahil Rathore | C65: ATS | D65: self | E65: NSEFO | H65: 1000 | I65: 0 | J65: -2000 | K65: 13000 | L65: 230000 | M65: 500 | N65: 0 | O65: 0 | P65: -27000 | Q65: 270000 | R65: -6500 | S65: 0 | T65: 0 | U65: -22000 | V65: 298000 | W65: 0 | X65: 0 | Y65: 0 | Z65: 7000 | AA65: 209446 | AB65: 0 | AC65: 0 | AD65: 0 | AE65: =SUM(H65:AD65) -> 971446 | AF65: =IFERROR(AE65/F65*100,0)/10000000 -> 0
H67: =SUM(H64:H64) -> -85850 | I67: =SUM(I64:I65) -> -7738 | J67: =SUM(J64:J65) -> -2000 | K67: =SUM(K64:K65) -> 36670 | L67: =SUM(L64:L65) -> 317400 | M67: =SUM(M64:M65) -> 11700 | N67: =SUM(N64:N65) -> 13200 | O67: =SUM(O64:O65) -> 0 | P67: =SUM(P64:P65) -> -155856 | ... AD67: =SUM(AD64:AD65) -> 0 | AE67: =SUM(H67:AD67) -> 1585426

Sheet FY-(26-27)Q2
G2: JULY | H2: JULY ROI | I2: AUG | J2: AUG ROI | K2: SEP | L2: SEP ROI | M2: Q 2 | N2: ROI Q2
A3: CODE | B3: NAME | C3: ID | D3: STRATEGY | E3: SEGMENT | F3: FUND(CR)
A4: P3389 | B4: Abdul | C4: XTS09 | D4: ATR-Strangle | E4: NSEFO | F4: 0.5 | G4: =IFERROR(VLOOKUP($A$3:$A$126,'JULY-2026'!$A$4:$ACS$118,MATCH('FY-(26-27)Q2'!$G$2:$H$2,'JULY-2026'!$A$2:$CT$2,0),0),0) -> -16641 | H4: =IFERROR(VLOOKUP($A$3:$A$126,'JULY-2026'!$A$4:$ACS$118,MATCH('FY-(26-27)Q2'!$G$2:$H$2,'JULY-2026'!$A$2:$CT$2,0),0),0) -> -0.33282 | I4: =IFERROR(VLOOKUP($A$3:$A$126,'AUG-2026'!$A$4:$ADL$124,MATCH('FY-(26-27)Q2'!$I$2:$J$2,'AUG-2026'!$A$2:$DM$2,0),0),0) -> -10403 | J4: =IFERROR(VLOOKUP($A$3:$A$126,'AUG-2026'!$A$4:$ADL$124,MATCH('FY-(26-27)Q2'!$I$2:$J$2,'AUG-2026'!$A$2:$DM$2,0),0),0) -> -0.20806 | K4: =IFERROR(VLOOKUP($A$3:$A$126,'SEP-2026'!$A$4:$AEE$125,MATCH('FY-(26-27)Q2'!$K$2:$L$2,'SEP-2026'!$A$2:$EF$2,0),0),0) -> -477094 | L4: =IFERROR(VLOOKUP($A$3:$A$126,'SEP-2026'!$A$4:$AEE$125,MATCH('FY-(26-27)Q2'!$K$2:$L$2,'SEP-2026'!$A$2:$EF$2,0),0),0) -> -9.54188 | M4: =G4+I4+K4 -> -504138 | N4: =H4+J4+L4 -> -10.08276
A5: P2951 | B5: DK SIR_A | C5: XTS01 | D5: 20_60 | E5: NSEFO | F5: 3.5 | G5: =IFERROR(VLOOKUP($A$3:$A$126,'JULY-2026'!$A$4:$ACS$118,MATCH('FY-(26-27)Q2'!$G$2:$H$2,'JULY-2026'!$A$2:$CT$2,0),0),0) -> 130806 | H5: =IFERROR(VLOOKUP($A$3:$A$126,'JULY-2026'!$A$4:$ACS$118,MATCH('FY-(26-27)Q2'!$G$2:$H$2,'JULY-2026'!$A$2:$CT$2,0),0),0) -> 0.43602 | I5: =IFERROR(VLOOKUP($A$3:$A$126,'AUG-2026'!$A$4:$ADL$124,MATCH('FY-(26-27)Q2'!$I$2:$J$2,'AUG-2026'!$A$2:$DM$2,0),0),0) -> -381777 | J5: =IFERROR(VLOOKUP($A$3:$A$126,'AUG-2026'!$A$4:$ADL$124,MATCH('FY-(26-27)Q2'!$I$2:$J$2,'AUG-2026'!$A$2:$DM$2,0),0),0) -> -1.27259 | K5: =IFERROR(VLOOKUP($A$3:$A$126,'SEP-2026'!$A$4:$AEE$125,MATCH('FY-(26-27)Q2'!$K$2:$L$2,'SEP-2026'!$A$2:$EF$2,0),0),0) -> 158911 | L5: =IFERROR(VLOOKUP($A$3:$A$126,'SEP-2026'!$A$4:$AEE$125,MATCH('FY-(26-27)Q2'!$K$2:$L$2,'SEP-2026'!$A$2:$EF$2,0),0),0) -> 0.52970333 | M5: =G5+I5+K5 -> -92060 | N5: =H5+J5+L5 -> -0.30686667
A6: P2967 | B6: Aman Aggarwal | C6: ATS1516 | D6: 20_60 | E6: NSEFO | F6: 1 | G6: =IFERROR(VLOOKUP($A$3:$A$126,'JULY-2026'!$A$4:$ACS$118,MATCH('FY-(26-27)Q2'!$G$2:$H$2,'JULY-2026'!$A$2:$CT$2,0),0),0) -> 0 | H6: =IFERROR(VLOOKUP($A$3:$A$126,'JULY-2026'!$A$4:$ACS$118,MATCH('FY-(26-27)Q2'!$G$2:$H$2,'JULY-2026'!$A$2:$CT$2,0),0),0) -> 0 | I6: =IFERROR(VLOOKUP($A$3:$A$126,'AUG-2026'!$A$4:$ADL$124,MATCH('FY-(26-27)Q2'!$I$2:$J$2,'AUG-2026'!$A$2:$DM$2,0),0),0) -> 116185 | J6: =IFERROR(VLOOKUP($A$3:$A$126,'AUG-2026'!$A$4:$ADL$124,MATCH('FY-(26-27)Q2'!$I$2:$J$2,'AUG-2026'!$A$2:$DM$2,0),0),0) -> 1.16185 | K6: =IFERROR(VLOOKUP($A$3:$A$126,'SEP-2026'!$A$4:$AEE$125,MATCH('FY-(26-27)Q2'!$K$2:$L$2,'SEP-2026'!$A$2:$EF$2,0),0),0) -> -6830 | L6: =IFERROR(VLOOKUP($A$3:$A$126,'SEP-2026'!$A$4:$AEE$125,MATCH('FY-(26-27)Q2'!$K$2:$L$2,'SEP-2026'!$A$2:$EF$2,0),0),0) -> -0.0683 | M6: =G6+I6+K6 -> 109355 | N6: =H6+J6+L6 -> 1.09355
A7: P2990 | B7: Aman Aggarwal | C7: ATS1532 | D7: new strategy_48 | E7: NSEFO | F7: 1 | G7: =IFERROR(VLOOKUP($A$3:$A$126,'JULY-2026'!$A$4:$ACS$118,MATCH('FY-(26-27)Q2'!$G$2:$H$2,'JULY-2026'!$A$2:$CT$2,0),0),0) -> 0 | H7: =IFERROR(VLOOKUP($A$3:$A$126,'JULY-2026'!$A$4:$ACS$118,MATCH('FY-(26-27)Q2'!$G$2:$H$2,'JULY-2026'!$A$2:$CT$2,0),0),0) -> 0 | I7: =IFERROR(VLOOKUP($A$3:$A$126,'AUG-2026'!$A$4:$ADL$124,MATCH('FY-(26-27)Q2'!$I$2:$J$2,'AUG-2026'!$A$2:$DM$2,0),0),0) -> -28990 | J7: =IFERROR(VLOOKUP($A$3:$A$126,'AUG-2026'!$A$4:$ADL$124,MATCH('FY-(26-27)Q2'!$I$2:$J$2,'AUG-2026'!$A$2:$DM$2,0),0),0) -> 0 | K7: =IFERROR(VLOOKUP($A$3:$A$126,'SEP-2026'!$A$4:$AEE$125,MATCH('FY-(26-27)Q2'!$K$2:$L$2,'SEP-2026'!$A$2:$EF$2,0),0),0) -> -107396 | L7: =IFERROR(VLOOKUP($A$3:$A$126,'SEP-2026'!$A$4:$AEE$125,MATCH('FY-(26-27)Q2'!$K$2:$L$2,'SEP-2026'!$A$2:$EF$2,0),0),0) -> -1.07396 | M7: =G7+I7+K7 -> -136386 | N7: =H7+J7+L7 -> -1.07396
A8: P3166 | B8: Aman Dohre | C8: XTS03 | D8: MACD/Direction | E8: NSEFO | F8: 3 | G8: =IFERROR(VLOOKUP($A$3:$A$126,'JULY-2026'!$A$4:$ACS$118,MATCH('FY-(26-27)Q2'!$G$2:$H$2,'JULY-2026'!$A$2:$CT$2,0),0),0) -> 39738 | H8: =IFERROR(VLOOKUP($A$3:$A$126,'JULY-2026'!$A$4:$ACS$118,MATCH('FY-(26-27)Q2'!$G$2:$H$2,'JULY-2026'!$A$2:$CT$2,0),0),0) -> 0.13246 | I8: =IFERROR(VLOOKUP($A$3:$A$126,'AUG-2026'!$A$4:$ADL$124,MATCH('FY-(26-27)Q2'!$I$2:$J$2,'AUG-2026'!$A$2:$DM$2,0),0),0) -> -494835 | J8: =IFERROR(VLOOKUP($A$3:$A$126,'AUG-2026'!$A$4:$ADL$124,MATCH('FY-(26-27)Q2'!$I$2:$J$2,'AUG-2026'!$A$2:$DM$2,0),0),0) -> -1.64945 | K8: =IFERROR(VLOOKUP($A$3:$A$126,'SEP-2026'!$A$4:$AEE$125,MATCH('FY-(26-27)Q2'!$K$2:$L$2,'SEP-2026'!$A$2:$EF$2,0),0),0) -> -362061 | L8: =IFERROR(VLOOKUP($A$3:$A$126,'SEP-2026'!$A$4:$AEE$125,MATCH('FY-(26-27)Q2'!$K$2:$L$2,'SEP-2026'!$A$2:$EF$2,0),0),0) -> -1.20687 | M8: =G8+I8+K8 -> -817158 | N8: =H8+J8+L8 -> -2.72386
A9: P3390 | B9: Aman Dohre | C9: XTS34 | D9: NSE FO | E9: NSEFO | F9: 1.5 | G9: =IFERROR(VLOOKUP($A$3:$A$126,'JULY-2026'!$A$4:$ACS$118,MATCH('FY-(26-27)Q2'!$G$2:$H$2,'JULY-2026'!$A$2:$CT$2,0),0),0) -> -318482 | H9: =IFERROR(VLOOKUP($A$3:$A$126,'JULY-2026'!$A$4:$ACS$118,MATCH('FY-(26-27)Q2'!$G$2:$H$2,'JULY-2026'!$A$2:$CT$2,0),0),0) -> -2.1232133 | I9: =IFERROR(VLOOKUP($A$3:$A$126,'AUG-2026'!$A$4:$ADL$124,MATCH('FY-(26-27)Q2'!$I$2:$J$2,'AUG-2026'!$A$2:$DM$2,0),0),0) -> 24346 | J9: =IFERROR(VLOOKUP($A$3:$A$126,'AUG-2026'!$A$4:$ADL$124,MATCH('FY-(26-27)Q2'!$I$2:$J$2,'AUG-2026'!$A$2:$DM$2,0),0),0) -> 0.16230667 | K9: =IFERROR(VLOOKUP($A$3:$A$126,'SEP-2026'!$A$4:$AEE$125,MATCH('FY-(26-27)Q2'!$K$2:$L$2,'SEP-2026'!$A$2:$EF$2,0),0),0) -> 67223 | L9: =IFERROR(VLOOKUP($A$3:$A$126,'SEP-2026'!$A$4:$AEE$125,MATCH('FY-(26-27)Q2'!$K$2:$L$2,'SEP-2026'!$A$2:$EF$2,0),0),0) -> 0.44815333 | M9: =G9+I9+K9 -> -226913 | N9: =H9+J9+L9 -> -1.5127533
A10: P3390_1 | B10: Aman Dohre | C10: ATS1507 | D10: NSE FO | E10: NSEFO | F10: 0.6 | G10: =IFERROR(VLOOKUP($A$3:$A$126,'JULY-2026'!$A$4:$ACS$118,MATCH('FY-(26-27)Q2'!$G$2:$H$2,'JULY-2026'!$A$2:$CT$2,0),0),0) -> -126033 | H10: =IFERROR(VLOOKUP($A$3:$A$126,'JULY-2026'!$A$4:$ACS$118,MATCH('FY-(26-27)Q2'!$G$2:$H$2,'JULY-2026'!$A$2:$CT$2,0),0),0) -> -2.10055 | I10: =IFERROR(VLOOKUP($A$3:$A$126,'AUG-2026'!$A$4:$ADL$124,MATCH('FY-(26-27)Q2'!$I$2:$J$2,'AUG-2026'!$A$2:$DM$2,0),0),0) -> -66216 | J10: =IFERROR(VLOOKUP($A$3:$A$126,'AUG-2026'!$A$4:$ADL$124,MATCH('FY-(26-27)Q2'!$I$2:$J$2,'AUG-2026'!$A$2:$DM$2,0),0),0) -> -1.1036 | K10: =IFERROR(VLOOKUP($A$3:$A$126,'SEP-2026'!$A$4:$AEE$125,MATCH('FY-(26-27)Q2'!$K$2:$L$2,'SEP-2026'!$A$2:$EF$2,0),0),0) -> 102320 | L10: =IFERROR(VLOOKUP($A$3:$A$126,'SEP-2026'!$A$4:$AEE$125,MATCH('FY-(26-27)Q2'!$K$2:$L$2,'SEP-2026'!$A$2:$EF$2,0),0),0) -> 1.7053333 | M10: =G10+I10+K10 -> -89929 | N10: =H10+J10+L10 -> -1.4988167
A11: P3117 | B11: Ansh Aggarwal | C11: ATS_1007 | D11: Falcon | E11: NSEFO | F11: 15 | G11: =IFERROR(VLOOKUP($A$3:$A$126,'JULY-2026'!$A$4:$ACS$118,MATCH('FY-(26-27)Q2'!$G$2:$H$2,'JULY-2026'!$A$2:$CT$2,0),0),0) -> 2336276 | H11: =IFERROR(VLOOKUP($A$3:$A$126,'JULY-2026'!$A$4:$ACS$118,MATCH('FY-(26-27)Q2'!$G$2:$H$2,'JULY-2026'!$A$2:$CT$2,0),0),0) -> 1.5575173 | I11: =IFERROR(VLOOKUP($A$3:$A$126,'AUG-2026'!$A$4:$ADL$124,MATCH('FY-(26-27)Q2'!$I$2:$J$2,'AUG-2026'!$A$2:$DM$2,0),0),0) -> -1369011 | J11: =IFERROR(VLOOKUP($A$3:$A$126,'AUG-2026'!$A$4:$ADL$124,MATCH('FY-(26-27)Q2'!$I$2:$J$2,'AUG-2026'!$A$2:$DM$2,0),0),0) -> -0.912674 | K11: =IFERROR(VLOOKUP($A$3:$A$126,'SEP-2026'!$A$4:$AEE$125,MATCH('FY-(26-27)Q2'!$K$2:$L$2,'SEP-2026'!$A$2:$EF$2,0),0),0) -> -583334 | L11: =IFERROR(VLOOKUP($A$3:$A$126,'SEP-2026'!$A$4:$AEE$125,MATCH('FY-(26-27)Q2'!$K$2:$L$2,'SEP-2026'!$A$2:$EF$2,0),0),0) -> -0.38888933 | M11: =G11+I11+K11 -> 383931 | N11: =H11+J11+L11 -> 0.255954
A12: P3323_1 | B12: Amit&Kartik | C12: XTS35 | D12: Strangle/Spread | E12: NSEFO | F12: 6 | G12: =IFERROR(VLOOKUP($A$3:$A$126,'JULY-2026'!$A$4:$ACS$118,MATCH('FY-(26-27)Q2'!$G$2:$H$2,'JULY-2026'!$A$2:$CT$2,0),0),0) -> 405946 | H12: =IFERROR(VLOOKUP($A$3:$A$126,'JULY-2026'!$A$4:$ACS$118,MATCH('FY-(26-27)Q2'!$G$2:$H$2,'JULY-2026'!$A$2:$CT$2,0),0),0) -> 0.67657667 | I12: =IFERROR(VLOOKUP($A$3:$A$126,'AUG-2026'!$A$4:$ADL$124,MATCH('FY-(26-27)Q2'!$I$2:$J$2,'AUG-2026'!$A$2:$DM$2,0),0),0) -> 1834 | J12: =IFERROR(VLOOKUP($A$3:$A$126,'AUG-2026'!$A$4:$ADL$124,MATCH('FY-(26-27)Q2'!$I$2:$J$2,'AUG-2026'!$A$2:$DM$2,0),0),0) -> 0.0030566667 | K12: =IFERROR(VLOOKUP($A$3:$A$126,'SEP-2026'!$A$4:$AEE$125,MATCH('FY-(26-27)Q2'!$K$2:$L$2,'SEP-2026'!$A$2:$EF$2,0),0),0) -> -12394 | L12: =IFERROR(VLOOKUP($A$3:$A$126,'SEP-2026'!$A$4:$AEE$125,MATCH('FY-(26-27)Q2'!$K$2:$L$2,'SEP-2026'!$A$2:$EF$2,0),0),0) -> -0.020656667 | M12: =G12+I12+K12 -> 395386 | N12: =H12+J12+L12 -> 0.65897667
A13: P2827 | B13: Bharat | C13: UT | D13: CASH | E13: CASH | F13: 1 | G13: =IFERROR(VLOOKUP($A$3:$A$126,'JULY-2026'!$A$4:$ACS$118,MATCH('FY-(26-27)Q2'!$G$2:$H$2,'JULY-2026'!$A$2:$CT$2,0),0),0) -> 1094 | H13: =IFERROR(VLOOKUP($A$3:$A$126,'JULY-2026'!$A$4:$ACS$118,MATCH('FY-(26-27)Q2'!$G$2:$H$2,'JULY-2026'!$A$2:$CT$2,0),0),0) -> 0.01094 | I13: =IFERROR(VLOOKUP($A$3:$A$126,'AUG-2026'!$A$4:$ADL$124,MATCH('FY-(26-27)Q2'!$I$2:$J$2,'AUG-2026'!$A$2:$DM$2,0),0),0) -> 12322 | J13: =IFERROR(VLOOKUP($A$3:$A$126,'AUG-2026'!$A$4:$ADL$124,MATCH('FY-(26-27)Q2'!$I$2:$J$2,'AUG-2026'!$A$2:$DM$2,0),0),0) -> 0.12322 | K13: =IFERROR(VLOOKUP($A$3:$A$126,'SEP-2026'!$A$4:$AEE$125,MATCH('FY-(26-27)Q2'!$K$2:$L$2,'SEP-2026'!$A$2:$EF$2,0),0),0) -> -14520 | L13: =IFERROR(VLOOKUP($A$3:$A$126,'SEP-2026'!$A$4:$AEE$125,MATCH('FY-(26-27)Q2'!$K$2:$L$2,'SEP-2026'!$A$2:$EF$2,0),0),0) -> -0.1452 | M13: =G13+I13+K13 -> -1104 | N13: =H13+J13+L13 -> -0.01104
A14: P3090 | B14: Bharat | C14: XTS04 | D14: STRADDLE | E14: NSEFO | F14: 1 | G14: =IFERROR(VLOOKUP($A$3:$A$126,'JULY-2026'!$A$4:$ACS$118,MATCH('FY-(26-27)Q2'!$G$2:$H$2,'JULY-2026'!$A$2:$CT$2,0),0),0) -> 207510 | H14: =IFERROR(VLOOKUP($A$3:$A$126,'JULY-2026'!$A$4:$ACS$118,MATCH('FY-(26-27)Q2'!$G$2:$H$2,'JULY-2026'!$A$2:$CT$2,0),0),0) -> 0.83004 | I14: =IFERROR(VLOOKUP($A$3:$A$126,'AUG-2026'!$A$4:$ADL$124,MATCH('FY-(26-27)Q2'!$I$2:$J$2,'AUG-2026'!$A$2:$DM$2,0),0),0) -> -162590 | J14: =IFERROR(VLOOKUP($A$3:$A$126,'AUG-2026'!$A$4:$ADL$124,MATCH('FY-(26-27)Q2'!$I$2:$J$2,'AUG-2026'!$A$2:$DM$2,0),0),0) -> -0.65036 | K14: =IFERROR(VLOOKUP($A$3:$A$126,'SEP-2026'!$A$4:$AEE$125,MATCH('FY-(26-27)Q2'!$K$2:$L$2,'SEP-2026'!$A$2:$EF$2,0),0),0) -> -28686 | L14: =IFERROR(VLOOKUP($A$3:$A$126,'SEP-2026'!$A$4:$AEE$125,MATCH('FY-(26-27)Q2'!$K$2:$L$2,'SEP-2026'!$A$2:$EF$2,0),0),0) -> -0.114744 | M14: =G14+I14+K14 -> 16234 | N14: =H14+J14+L14 -> 0.064936
A15: P3196 | B15: Bharat | C15: ATS_1505 | D15: STRADDLE | E15: BSEFO | F15: 1 | G15: =IFERROR(VLOOKUP($A$3:$A$126,'JULY-2026'!$A$4:$ACS$118,MATCH('FY-(26-27)Q2'!$G$2:$H$2,'JULY-2026'!$A$2:$CT$2,0),0),0) -> 7426 | H15: =IFERROR(VLOOKUP($A$3:$A$126,'JULY-2026'!$A$4:$ACS$118,MATCH('FY-(26-27)Q2'!$G$2:$H$2,'JULY-2026'!$A$2:$CT$2,0),0),0) -> 0.07426 | I15: =IFERROR(VLOOKUP($A$3:$A$126,'AUG-2026'!$A$4:$ADL$124,MATCH('FY-(26-27)Q2'!$I$2:$J$2,'AUG-2026'!$A$2:$DM$2,0),0),0) -> 0 | J15: =IFERROR(VLOOKUP($A$3:$A$126,'AUG-2026'!$A$4:$ADL$124,MATCH('FY-(26-27)Q2'!$I$2:$J$2,'AUG-2026'!$A$2:$DM$2,0),0),0) -> 0 | K15: =IFERROR(VLOOKUP($A$3:$A$126,'SEP-2026'!$A$4:$AEE$125,MATCH('FY-(26-27)Q2'!$K$2:$L$2,'SEP-2026'!$A$2:$EF$2,0),0),0) -> 0 | L15: =IFERROR(VLOOKUP($A$3:$A$126,'SEP-2026'!$A$4:$AEE$125,MATCH('FY-(26-27)Q2'!$K$2:$L$2,'SEP-2026'!$A$2:$EF$2,0),0),0) -> 0 | M15: =G15+I15+K15 -> 7426 | N15: =H15+J15+L15 -> 0.07426
... A26: P3146 | B26: Jinesh Jain | C26: CQS5 | D26: CASH | E26: CASH | F26: 2.3 | G26: =IFERROR(VLOOKUP($A$3:$A$126,'JULY-2026'!$A$4:$ACS$118,MATCH('FY-(26-27)Q2'!$G$2:$H$2,'JULY-2026'!$A$2:$CT$2,0),0),0) -> 880832 | H26: =IFERROR(VLOOKUP($A$3:$A$126,'JULY-2026'!$A$4:$ACS$118,MATCH('FY-(26-27)Q2'!$G$2:$H$2,'JULY-2026'!$A$2:$CT$2,0),0),0) -> 3.8297043 | I26: =IFERROR(VLOOKUP($A$3:$A$126,'AUG-2026'!$A$4:$ADL$124,MATCH('FY-(26-27)Q2'!$I$2:$J$2,'AUG-2026'!$A$2:$DM$2,0),0),0) -> -526771 | J26: =IFERROR(VLOOKUP($A$3:$A$126,'AUG-2026'!$A$4:$ADL$124,MATCH('FY-(26-27)Q2'!$I$2:$J$2,'AUG-2026'!$A$2:$DM$2,0),0),0) -> -2.2903087 | K26: =IFERROR(VLOOKUP($A$3:$A$126,'SEP-2026'!$A$4:$AEE$125,MATCH('FY-(26-27)Q2'!$K$2:$L$2,'SEP-2026'!$A$2:$EF$2,0),0),0) -> -1612538 | L26: =IFERROR(VLOOKUP($A$3:$A$126,'SEP-2026'!$A$4:$AEE$125,MATCH('FY-(26-27)Q2'!$K$2:$L$2,'SEP-2026'!$A$2:$EF$2,0),0),0) -> -7.0110348 | M26: =G26+I26+K26 -> -1258477 | N26: =H26+J26+L26 -> -5.4716391
A27: P3434 | B27: Kapil Kumar | C27: ATS_1529 | E27: NSEFO | F27: 0.2 | G27: =IFERROR(VLOOKUP($A$3:$A$126,'JULY-2026'!$A$4:$ACS$118,MATCH('FY-(26-27)Q2'!$G$2:$H$2,'JULY-2026'!$A$2:$CT$2,0),0),0) -> -2494 | H27: =IFERROR(VLOOKUP($A$3:$A$126,'JULY-2026'!$A$4:$ACS$118,MATCH('FY-(26-27)Q2'!$G$2:$H$2,'JULY-2026'!$A$2:$CT$2,0),0),0) -> -0.1247 | I27: =IFERROR(VLOOKUP($A$3:$A$126,'AUG-2026'!$A$4:$ADL$124,MATCH('FY-(26-27)Q2'!$I$2:$J$2,'AUG-2026'!$A$2:$DM$2,0),0),0) -> -17802 | J27: =IFERROR(VLOOKUP($A$3:$A$126,'AUG-2026'!$A$4:$ADL$124,MATCH('FY-(26-27)Q2'!$I$2:$J$2,'AUG-2026'!$A$2:$DM$2,0),0),0) -> -0.8901 | K27: =IFERROR(VLOOKUP($A$3:$A$126,'SEP-2026'!$A$4:$AEE$125,MATCH('FY-(26-27)Q2'!$K$2:$L$2,'SEP-2026'!$A$2:$EF$2,0),0),0) -> -23370 | L27: =IFERROR(VLOOKUP($A$3:$A$126,'SEP-2026'!$A$4:$AEE$125,MATCH('FY-(26-27)Q2'!$K$2:$L$2,'SEP-2026'!$A$2:$EF$2,0),0),0) -> -1.1685 | M27: =G27+I27+K27 -> -43666 | N27: =H27+J27+L27 -> -2.1833
A28: P2105 | B28: Kamlesh | C28: S1501 | D28: Wanda | E28: NSEFO | F28: 5 | G28: =IFERROR(VLOOKUP($A$3:$A$126,'JULY-2026'!$A$4:$ACS$118,MATCH('FY-(26-27)Q2'!$G$2:$H$2,'JULY-2026'!$A$2:$CT$2,0),0),0) -> -98470 | H28: =IFERROR(VLOOKUP($A$3:$A$126,'JULY-2026'!$A$4:$ACS$118,MATCH('FY-(26-27)Q2'!$G$2:$H$2,'JULY-2026'!$A$2:$CT$2,0),0),0) -> -0.19694 | I28: =IFERROR(VLOOKUP($A$3:$A$126,'AUG-2026'!$A$4:$ADL$124,MATCH('FY-(26-27)Q2'!$I$2:$J$2,'AUG-2026'!$A$2:$DM$2,0),0),0) -> -166448 | J28: =IFERROR(VLOOKUP($A$3:$A$126,'AUG-2026'!$A$4:$ADL$124,MATCH('FY-(26-27)Q2'!$I$2:$J$2,'AUG-2026'!$A$2:$DM$2,0),0),0) -> -0.332896 | K28: =IFERROR(VLOOKUP($A$3:$A$126,'SEP-2026'!$A$4:$AEE$125,MATCH('FY-(26-27)Q2'!$K$2:$L$2,'SEP-2026'!$A$2:$EF$2,0),0),0) -> -260434 | L28: =IFERROR(VLOOKUP($A$3:$A$126,'SEP-2026'!$A$4:$AEE$125,MATCH('FY-(26-27)Q2'!$K$2:$L$2,'SEP-2026'!$A$2:$EF$2,0),0),0) -> -0.520868 | M28: =G28+I28+K28 -> -525352 | N28: =H28+J28+L28 -> -1.050704
A29: P3024 | B29: Kartaram Pro | C29: ATS_1005 | D29: Spider 2.0 | E29: NSEFO | F29: 10 | G29: =IFERROR(VLOOKUP($A$3:$A$126,'JULY-2026'!$A$4:$ACS$118,MATCH('FY-(26-27)Q2'!$G$2:$H$2,'JULY-2026'!$A$2:$CT$2,0),0),0) -> 3272097 | H29: =IFERROR(VLOOKUP($A$3:$A$126,'JULY-2026'!$A$4:$ACS$118,MATCH('FY-(26-27)Q2'!$G$2:$H$2,'JULY-2026'!$A$2:$CT$2,0),0),0) -> 3.272097 | I29: =IFERROR(VLOOKUP($A$3:$A$126,'AUG-2026'!$A$4:$ADL$124,MATCH('FY-(26-27)Q2'!$I$2:$J$2,'AUG-2026'!$A$2:$DM$2,0),0),0) -> 195315 | J29: =IFERROR(VLOOKUP($A$3:$A$126,'AUG-2026'!$A$4:$ADL$124,MATCH('FY-(26-27)Q2'!$I$2:$J$2,'AUG-2026'!$A$2:$DM$2,0),0),0) -> 0.195315 | K29: =IFERROR(VLOOKUP($A$3:$A$126,'SEP-2026'!$A$4:$AEE$125,MATCH('FY-(26-27)Q2'!$K$2:$L$2,'SEP-2026'!$A$2:$EF$2,0),0),0) -> -1780071 | L29: =IFERROR(VLOOKUP($A$3:$A$126,'SEP-2026'!$A$4:$AEE$125,MATCH('FY-(26-27)Q2'!$K$2:$L$2,'SEP-2026'!$A$2:$EF$2,0),0),0) -> -1.780071 | M29: =G29+I29+K29 -> 1687341 | N29: =H29+J29+L29 -> 1.687341
A30: PSW019 | B30: Kartaram SWV0097 | C30: ATS_1015 | D30: Spider 2.0 | E30: NSEFO | F30: 13 | G30: =IFERROR(VLOOKUP($A$3:$A$126,'JULY-2026'!$A$4:$ACS$118,MATCH('FY-(26-27)Q2'!$G$2:$H$2,'JULY-2026'!$A$2:$CT$2,0),0),0) -> 2523988 | H30: =IFERROR(VLOOKUP($A$3:$A$126,'JULY-2026'!$A$4:$ACS$118,MATCH('FY-(26-27)Q2'!$G$2:$H$2,'JULY-2026'!$A$2:$CT$2,0),0),0) -> 1.9415292 | I30: =IFERROR(VLOOKUP($A$3:$A$126,'AUG-2026'!$A$4:$ADL$124,MATCH('FY-(26-27)Q2'!$I$2:$J$2,'AUG-2026'!$A$2:$DM$2,0),0),0) -> -787722 | J30: =IFERROR(VLOOKUP($A$3:$A$126,'AUG-2026'!$A$4:$ADL$124,MATCH('FY-(26-27)Q2'!$I$2:$J$2,'AUG-2026'!$A$2:$DM$2,0),0),0) -> -0.60594 | K30: =IFERROR(VLOOKUP($A$3:$A$126,'SEP-2026'!$A$4:$AEE$125,MATCH('FY-(26-27)Q2'!$K$2:$L$2,'SEP-2026'!$A$2:$EF$2,0),0),0) -> 0 | L30: =IFERROR(VLOOKUP($A$3:$A$126,'SEP-2026'!$A$4:$AEE$125,MATCH('FY-(26-27)Q2'!$K$2:$L$2,'SEP-2026'!$A$2:$EF$2,0),0),0) -> 0 | M30: =G30+I30+K30 -> 1736266 | N30: =H30+J30+L30 -> 1.3355892
A31: SWV0096 | B31: Kartaram SWV0096 | C31: ATS_1034 | D31: Spider 2.0 | E31: NSEFO | F31: 1.5 | G31: =IFERROR(VLOOKUP($A$3:$A$126,'JULY-2026'!$A$4:$ACS$118,MATCH('FY-(26-27)Q2'!$G$2:$H$2,'JULY-2026'!$A$2:$CT$2,0),0),0) -> 260765 | H31: =IFERROR(VLOOKUP($A$3:$A$126,'JULY-2026'!$A$4:$ACS$118,MATCH('FY-(26-27)Q2'!$G$2:$H$2,'JULY-2026'!$A$2:$CT$2,0),0),0) -> 1.7384333 | I31: =IFERROR(VLOOKUP($A$3:$A$126,'AUG-2026'!$A$4:$ADL$124,MATCH('FY-(26-27)Q2'!$I$2:$J$2,'AUG-2026'!$A$2:$DM$2,0),0),0) -> -87345 | J31: =IFERROR(VLOOKUP($A$3:$A$126,'AUG-2026'!$A$4:$ADL$124,MATCH('FY-(26-27)Q2'!$I$2:$J$2,'AUG-2026'!$A$2:$DM$2,0),0),0) -> -0.5823 | K31: =IFERROR(VLOOKUP($A$3:$A$126,'SEP-2026'!$A$4:$AEE$125,MATCH('FY-(26-27)Q2'!$K$2:$L$2,'SEP-2026'!$A$2:$EF$2,0),0),0) -> 0 | L31: =IFERROR(VLOOKUP($A$3:$A$126,'SEP-2026'!$A$4:$AEE$125,MATCH('FY-(26-27)Q2'!$K$2:$L$2,'SEP-2026'!$A$2:$EF$2,0),0),0) -> 0 | M31: =G31+I31+K31 -> 173420 | N31: =H31+J31+L31 -> 1.1561333
A32: PHPO07 | B32: Kartaram HOP2780 | C32: ATS_1038 | D32: Spider 2.0 | E32: NSEFO | F32: 6 | G32: =IFERROR(VLOOKUP($A$3:$A$126,'JULY-2026'!$A$4:$ACS$118,MATCH('FY-(26-27)Q2'!$G$2:$H$2,'JULY-2026'!$A$2:$CT$2,0),0),0) -> 1051922 | H32: =IFERROR(VLOOKUP($A$3:$A$126,'JULY-2026'!$A$4:$ACS$118,MATCH('FY-(26-27)Q2'!$G$2:$H$2,'JULY-2026'!$A$2:$CT$2,0),0),0) -> 1.7532033 | I32: =IFERROR(VLOOKUP($A$3:$A$126,'AUG-2026'!$A$4:$ADL$124,MATCH('FY-(26-27)Q2'!$I$2:$J$2,'AUG-2026'!$A$2:$DM$2,0),0),0) -> -348894 | J32: =IFERROR(VLOOKUP($A$3:$A$126,'AUG-2026'!$A$4:$ADL$124,MATCH('FY-(26-27)Q2'!$I$2:$J$2,'AUG-2026'!$A$2:$DM$2,0),0),0) -> -0.58149 | K32: =IFERROR(VLOOKUP($A$3:$A$126,'SEP-2026'!$A$4:$AEE$125,MATCH('FY-(26-27)Q2'!$K$2:$L$2,'SEP-2026'!$A$2:$EF$2,0),0),0) -> 0 | L32: =IFERROR(VLOOKUP($A$3:$A$126,'SEP-2026'!$A$4:$AEE$125,MATCH('FY-(26-27)Q2'!$K$2:$L$2,'SEP-2026'!$A$2:$EF$2,0),0),0) -> 0 | M32: =G32+I32+K32 -> 703028 | N32: =H32+J32+L32 -> 1.1717133
A33: XMR0548 | B33: Kartaram XMR0548 | C33: ATS_1041 | D33: Spider 2.0 | E33: NSEFO | F33: 1.3 | G33: =IFERROR(VLOOKUP($A$3:$A$126,'JULY-2026'!$A$4:$ACS$118,MATCH('FY-(26-27)Q2'!$G$2:$H$2,'JULY-2026'!$A$2:$CT$2,0),0),0) -> 270747 | H33: =IFERROR(VLOOKUP($A$3:$A$126,'JULY-2026'!$A$4:$ACS$118,MATCH('FY-(26-27)Q2'!$G$2:$H$2,'JULY-2026'!$A$2:$CT$2,0),0),0) -> 2.165976 | I33: =IFERROR(VLOOKUP($A$3:$A$126,'AUG-2026'!$A$4:$ADL$124,MATCH('FY-(26-27)Q2'!$I$2:$J$2,'AUG-2026'!$A$2:$DM$2,0),0),0) -> -87240 | J33: =IFERROR(VLOOKUP($A$3:$A$126,'AUG-2026'!$A$4:$ADL$124,MATCH('FY-(26-27)Q2'!$I$2:$J$2,'AUG-2026'!$A$2:$DM$2,0),0),0) -> -0.69792 | K33: =IFERROR(VLOOKUP($A$3:$A$126,'SEP-2026'!$A$4:$AEE$125,MATCH('FY-(26-27)Q2'!$K$2:$L$2,'SEP-2026'!$A$2:$EF$2,0),0),0) -> 0 | L33: =IFERROR(VLOOKUP($A$3:$A$126,'SEP-2026'!$A$4:$AEE$125,MATCH('FY-(26-27)Q2'!$K$2:$L$2,'SEP-2026'!$A$2:$EF$2,0),0),0) -> 0 | M33: =G33+I33+K33 -> 183507 | N33: =H33+J33+L33 -> 1.468056
A34: PA528 | B34: ARCHANA MA'AM | C34: ATS_1022 | D34: SPIDER 2.0 | E34: NSEFO | F34: 1.5 | G34: =IFERROR(VLOOKUP($A$3:$A$126,'JULY-2026'!$A$4:$ACS$118,MATCH('FY-(26-27)Q2'!$G$2:$H$2,'JULY-2026'!$A$2:$CT$2,0),0),0) -> 270678 | H34: =IFERROR(VLOOKUP($A$3:$A$126,'JULY-2026'!$A$4:$ACS$118,MATCH('FY-(26-27)Q2'!$G$2:$H$2,'JULY-2026'!$A$2:$CT$2,0),0),0) -> 1.80452 | I34: =IFERROR(VLOOKUP($A$3:$A$126,'AUG-2026'!$A$4:$ADL$124,MATCH('FY-(26-27)Q2'!$I$2:$J$2,'AUG-2026'!$A$2:$DM$2,0),0),0) -> -87014 | J34: =IFERROR(VLOOKUP($A$3:$A$126,'AUG-2026'!$A$4:$ADL$124,MATCH('FY-(26-27)Q2'!$I$2:$J$2,'AUG-2026'!$A$2:$DM$2,0),0),0) -> -0.58009333 | K34: =IFERROR(VLOOKUP($A$3:$A$126,'SEP-2026'!$A$4:$AEE$125,MATCH('FY-(26-27)Q2'!$K$2:$L$2,'SEP-2026'!$A$2:$EF$2,0),0),0) -> 0 | L34: =IFERROR(VLOOKUP($A$3:$A$126,'SEP-2026'!$A$4:$AEE$125,MATCH('FY-(26-27)Q2'!$K$2:$L$2,'SEP-2026'!$A$2:$EF$2,0),0),0) -> 0 | M34: =G34+I34+K34 -> 183664 | N34: =H34+J34+L34 -> 1.2244267
A35: P3202 | B35: Gagandeep | C35: XTS12 | D35: Gagandeep | E35: NSEFO | F35: 5 | G35: =IFERROR(VLOOKUP($A$3:$A$126,'JULY-2026'!$A$4:$ACS$118,MATCH('FY-(26-27)Q2'!$G$2:$H$2,'JULY-2026'!$A$2:$CT$2,0),0),0) -> 1205315 | H35: =IFERROR(VLOOKUP($A$3:$A$126,'JULY-2026'!$A$4:$ACS$118,MATCH('FY-(26-27)Q2'!$G$2:$H$2,'JULY-2026'!$A$2:$CT$2,0),0),0) -> 2.41063 | I35: =IFERROR(VLOOKUP($A$3:$A$126,'AUG-2026'!$A$4:$ADL$124,MATCH('FY-(26-27)Q2'!$I$2:$J$2,'AUG-2026'!$A$2:$DM$2,0),0),0) -> -505463 | J35: =IFERROR(VLOOKUP($A$3:$A$126,'AUG-2026'!$A$4:$ADL$124,MATCH('FY-(26-27)Q2'!$I$2:$J$2,'AUG-2026'!$A$2:$DM$2,0),0),0) -> -1.010926 | K35: =IFERROR(VLOOKUP($A$3:$A$126,'SEP-2026'!$A$4:$AEE$125,MATCH('FY-(26-27)Q2'!$K$2:$L$2,'SEP-2026'!$A$2:$EF$2,0),0),0) -> -816292 | L35: =IFERROR(VLOOKUP($A$3:$A$126,'SEP-2026'!$A$4:$AEE$125,MATCH('FY-(26-27)Q2'!$K$2:$L$2,'SEP-2026'!$A$2:$EF$2,0),0),0) -> -1.632584 | M35: =G35+I35+K35 -> -116440 | N35: =H35+J35+L35 -> -0.23288
A36: P3020 | B36: Mahavir Jindal | C36: XTS02 | D36: Mahavir Jindal | E36: NSEFO | F36: 5 | G36: =IFERROR(VLOOKUP($A$3:$A$126,'JULY-2026'!$A$4:$ACS$118,MATCH('FY-(26-27)Q2'!$G$2:$H$2,'JULY-2026'!$A$2:$CT$2,0),0),0) -> 457495 | H36: =IFERROR(VLOOKUP($A$3:$A$126,'JULY-2026'!$A$4:$ACS$118,MATCH('FY-(26-27)Q2'!$G$2:$H$2,'JULY-2026'!$A$2:$CT$2,0),0),0) -> 0.91499 | I36: =IFERROR(VLOOKUP($A$3:$A$126,'AUG-2026'!$A$4:$ADL$124,MATCH('FY-(26-27)Q2'!$I$2:$J$2,'AUG-2026'!$A$2:$DM$2,0),0),0) -> 569912 | J36: =IFERROR(VLOOKUP($A$3:$A$126,'AUG-2026'!$A$4:$ADL$124,MATCH('FY-(26-27)Q2'!$I$2:$J$2,'AUG-2026'!$A$2:$DM$2,0),0),0) -> 1.139824 | K36: =IFERROR(VLOOKUP($A$3:$A$126,'SEP-2026'!$A$4:$AEE$125,MATCH('FY-(26-27)Q2'!$K$2:$L$2,'SEP-2026'!$A$2:$EF$2,0),0),0) -> -206798 | L36: =IFERROR(VLOOKUP($A$3:$A$126,'SEP-2026'!$A$4:$AEE$125,MATCH('FY-(26-27)Q2'!$K$2:$L$2,'SEP-2026'!$A$2:$EF$2,0),0),0) -> -0.413596 | M36: =G36+I36+K36 -> 820609 | N36: =H36+J36+L36 -> 1.641218
A37: P3341 | B37: Maneesh Yadav | C37: XTS18 | D37: Theta Dominance | E37: NSEFO | F37: 0.5 | G37: =IFERROR(VLOOKUP($A$3:$A$126,'JULY-2026'!$A$4:$ACS$118,MATCH('FY-(26-27)Q2'!$G$2:$H$2,'JULY-2026'!$A$2:$CT$2,0),0),0) -> -15025 | H37: =IFERROR(VLOOKUP($A$3:$A$126,'JULY-2026'!$A$4:$ACS$118,MATCH('FY-(26-27)Q2'!$G$2:$H$2,'JULY-2026'!$A$2:$CT$2,0),0),0) -> -0.15025 | I37: =IFERROR(VLOOKUP($A$3:$A$126,'AUG-2026'!$A$4:$ADL$124,MATCH('FY-(26-27)Q2'!$I$2:$J$2,'AUG-2026'!$A$2:$DM$2,0),0),0) -> -64339 | J37: =IFERROR(VLOOKUP($A$3:$A$126,'AUG-2026'!$A$4:$ADL$124,MATCH('FY-(26-27)Q2'!$I$2:$J$2,'AUG-2026'!$A$2:$DM$2,0),0),0) -> -0.64339 | K37: =IFERROR(VLOOKUP($A$3:$A$126,'SEP-2026'!$A$4:$AEE$125,MATCH('FY-(26-27)Q2'!$K$2:$L$2,'SEP-2026'!$A$2:$EF$2,0),0),0) -> -116581 | L37: =IFERROR(VLOOKUP($A$3:$A$126,'SEP-2026'!$A$4:$AEE$125,MATCH('FY-(26-27)Q2'!$K$2:$L$2,'SEP-2026'!$A$2:$EF$2,0),0),0) -> -1.16581 | M37: =G37+I37+K37 -> -195945 | N37: =H37+J37+L37 -> -1.95945
A38: P2971_2 | B38: Neeraj Garg_2 | C38: S1514 | D38: ACE1 | E38: NSEFO | F38: 0.4 | G38: =IFERROR(VLOOKUP($A$3:$A$126,'JULY-2026'!$A$4:$ACS$118,MATCH('FY-(26-27)Q2'!$G$2:$H$2,'JULY-2026'!$A$2:$CT$2,0),0),0) -> -118745 | H38: =IFERROR(VLOOKUP($A$3:$A$126,'JULY-2026'!$A$4:$ACS$118,MATCH('FY-(26-27)Q2'!$G$2:$H$2,'JULY-2026'!$A$2:$CT$2,0),0),0) -> -2.968625 | I38: =IFERROR(VLOOKUP($A$3:$A$126,'AUG-2026'!$A$4:$ADL$124,MATCH('FY-(26-27)Q2'!$I$2:$J$2,'AUG-2026'!$A$2:$DM$2,0),0),0) -> 53220 | J38: =IFERROR(VLOOKUP($A$3:$A$126,'AUG-2026'!$A$4:$ADL$124,MATCH('FY-(26-27)Q2'!$I$2:$J$2,'AUG-2026'!$A$2:$DM$2,0),0),0) -> 1.3305 | K38: =IFERROR(VLOOKUP($A$3:$A$126,'SEP-2026'!$A$4:$AEE$125,MATCH('FY-(26-27)Q2'!$K$2:$L$2,'SEP-2026'!$A$2:$EF$2,0),0),0) -> 145618 | L38: =IFERROR(VLOOKUP($A$3:$A$126,'SEP-2026'!$A$4:$AEE$125,MATCH('FY-(26-27)Q2'!$K$2:$L$2,'SEP-2026'!$A$2:$EF$2,0),0),0) -> 3.64045 | M38: =G38+I38+K38 -> 80093 | N38: =H38+J38+L38 -> 2.002325
A39: P2940 | B39: Prince | C39: ATS_1506 | D39: FO | E39: NSEFO | F39: 0.5 | G39: =IFERROR(VLOOKUP($A$3:$A$126,'JULY-2026'!$A$4:$ACS$118,MATCH('FY-(26-27)Q2'!$G$2:$H$2,'JULY-2026'!$A$2:$CT$2,0),0),0) -> -215150 | H39: =IFERROR(VLOOKUP($A$3:$A$126,'JULY-2026'!$A$4:$ACS$118,MATCH('FY-(26-27)Q2'!$G$2:$H$2,'JULY-2026'!$A$2:$CT$2,0),0),0) -> -4.303 | I39: =IFERROR(VLOOKUP($A$3:$A$126,'AUG-2026'!$A$4:$ADL$124,MATCH('FY-(26-27)Q2'!$I$2:$J$2,'AUG-2026'!$A$2:$DM$2,0),0),0) -> 6333 | J39: =IFERROR(VLOOKUP($A$3:$A$126,'AUG-2026'!$A$4:$ADL$124,MATCH('FY-(26-27)Q2'!$I$2:$J$2,'AUG-2026'!$A$2:$DM$2,0),0),0) -> 0.12666 | K39: =IFERROR(VLOOKUP($A$3:$A$126,'SEP-2026'!$A$4:$AEE$125,MATCH('FY-(26-27)Q2'!$K$2:$L$2,'SEP-2026'!$A$2:$EF$2,0),0),0) -> 0 | L39: =IFERROR(VLOOKUP($A$3:$A$126,'SEP-2026'!$A$4:$AEE$125,MATCH('FY-(26-27)Q2'!$K$2:$L$2,'SEP-2026'!$A$2:$EF$2,0),0),0) -> 0 | M39: =G39+I39+K39 -> -208817 | N39: =H39+J39+L39 -> -4.17634
... A42: P2999 | B42: Prateek | C42: ATS_1519 | D42: ETF | E42: ETF | F42: 1 | G42: =IFERROR(VLOOKUP($A$3:$A$126,'JULY-2026'!$A$4:$ACS$118,MATCH('FY-(26-27)Q2'!$G$2:$H$2,'JULY-2026'!$A$2:$CT$2,0),0),0) -> 150383 | H42: =IFERROR(VLOOKUP($A$3:$A$126,'JULY-2026'!$A$4:$ACS$118,MATCH('FY-(26-27)Q2'!$G$2:$H$2,'JULY-2026'!$A$2:$CT$2,0),0),0) -> 1.50383 | I42: =IFERROR(VLOOKUP($A$3:$A$126,'AUG-2026'!$A$4:$ADL$124,MATCH('FY-(26-27)Q2'!$I$2:$J$2,'AUG-2026'!$A$2:$DM$2,0),0),0) -> 53249 | J42: =IFERROR(VLOOKUP($A$3:$A$126,'AUG-2026'!$A$4:$ADL$124,MATCH('FY-(26-27)Q2'!$I$2:$J$2,'AUG-2026'!$A$2:$DM$2,0),0),0) -> 0.53249 | K42: =IFERROR(VLOOKUP($A$3:$A$126,'SEP-2026'!$A$4:$AEE$125,MATCH('FY-(26-27)Q2'!$K$2:$L$2,'SEP-2026'!$A$2:$EF$2,0),0),0) -> -289176 | L42: =IFERROR(VLOOKUP($A$3:$A$126,'SEP-2026'!$A$4:$AEE$125,MATCH('FY-(26-27)Q2'!$K$2:$L$2,'SEP-2026'!$A$2:$EF$2,0),0),0) -> -2.89176 | M42: =G42+I42+K42 -> -85544 | N42: =H42+J42+L42 -> -0.85544
A43: P3000 | B43: Prateek | C43: XTS19 | D43: NSEFO | E43: NSEFO | G43: =IFERROR(VLOOKUP($A$3:$A$126,'JULY-2026'!$A$4:$ACS$118,MATCH('FY-(26-27)Q2'!$G$2:$H$2,'JULY-2026'!$A$2:$CT$2,0),0),0) -> 0 | H43: =IFERROR(VLOOKUP($A$3:$A$126,'JULY-2026'!$A$4:$ACS$118,MATCH('FY-(26-27)Q2'!$G$2:$H$2,'JULY-2026'!$A$2:$CT$2,0),0),0) -> 0 | I43: =IFERROR(VLOOKUP($A$3:$A$126,'AUG-2026'!$A$4:$ADL$124,MATCH('FY-(26-27)Q2'!$I$2:$J$2,'AUG-2026'!$A$2:$DM$2,0),0),0) -> 0 | J43: =IFERROR(VLOOKUP($A$3:$A$126,'AUG-2026'!$A$4:$ADL$124,MATCH('FY-(26-27)Q2'!$I$2:$J$2,'AUG-2026'!$A$2:$DM$2,0),0),0) -> 0 | K43: =IFERROR(VLOOKUP($A$3:$A$126,'SEP-2026'!$A$4:$AEE$125,MATCH('FY-(26-27)Q2'!$K$2:$L$2,'SEP-2026'!$A$2:$EF$2,0),0),0) -> 0 | L43: =IFERROR(VLOOKUP($A$3:$A$126,'SEP-2026'!$A$4:$AEE$125,MATCH('FY-(26-27)Q2'!$K$2:$L$2,'SEP-2026'!$A$2:$EF$2,0),0),0) -> 0 | M43: =G43+I43+K43 -> 0 | N43: =H43+J43+L43 -> 0
A44: P3186 | B44: Prateek | C44: XTS17 | D44: opton | E44: NSEFO | F44: 0.5 | G44: =IFERROR(VLOOKUP($A$3:$A$126,'JULY-2026'!$A$4:$ACS$118,MATCH('FY-(26-27)Q2'!$G$2:$H$2,'JULY-2026'!$A$2:$CT$2,0),0),0) -> -52106 | H44: =IFERROR(VLOOKUP($A$3:$A$126,'JULY-2026'!$A$4:$ACS$118,MATCH('FY-(26-27)Q2'!$G$2:$H$2,'JULY-2026'!$A$2:$CT$2,0),0),0) -> -1.04212 | I44: =IFERROR(VLOOKUP($A$3:$A$126,'AUG-2026'!$A$4:$ADL$124,MATCH('FY-(26-27)Q2'!$I$2:$J$2,'AUG-2026'!$A$2:$DM$2,0),0),0) -> -14277 | J44: =IFERROR(VLOOKUP($A$3:$A$126,'AUG-2026'!$A$4:$ADL$124,MATCH('FY-(26-27)Q2'!$I$2:$J$2,'AUG-2026'!$A$2:$DM$2,0),0),0) -> -0.28554 | K44: =IFERROR(VLOOKUP($A$3:$A$126,'SEP-2026'!$A$4:$AEE$125,MATCH('FY-(26-27)Q2'!$K$2:$L$2,'SEP-2026'!$A$2:$EF$2,0),0),0) -> 38136 | L44: =IFERROR(VLOOKUP($A$3:$A$126,'SEP-2026'!$A$4:$AEE$125,MATCH('FY-(26-27)Q2'!$K$2:$L$2,'SEP-2026'!$A$2:$EF$2,0),0),0) -> 0.76272 | M44: =G44+I44+K44 -> -28247 | N44: =H44+J44+L44 -> -0.56494
A45: P3135 | B45: Piyush Singhal | C45: ATS_1509 | D45: Direction range | E45: NSEFO | F45: 1 | G45: =IFERROR(VLOOKUP($A$3:$A$126,'JULY-2026'!$A$4:$ACS$118,MATCH('FY-(26-27)Q2'!$G$2:$H$2,'JULY-2026'!$A$2:$CT$2,0),0),0) -> 79198 | H45: =IFERROR(VLOOKUP($A$3:$A$126,'JULY-2026'!$A$4:$ACS$118,MATCH('FY-(26-27)Q2'!$G$2:$H$2,'JULY-2026'!$A$2:$CT$2,0),0),0) -> 0.26399333 | I45: =IFERROR(VLOOKUP($A$3:$A$126,'AUG-2026'!$A$4:$ADL$124,MATCH('FY-(26-27)Q2'!$I$2:$J$2,'AUG-2026'!$A$2:$DM$2,0),0),0) -> -189990 | J45: =IFERROR(VLOOKUP($A$3:$A$126,'AUG-2026'!$A$4:$ADL$124,MATCH('FY-(26-27)Q2'!$I$2:$J$2,'AUG-2026'!$A$2:$DM$2,0),0),0) -> -0.6333 | K45: =IFERROR(VLOOKUP($A$3:$A$126,'SEP-2026'!$A$4:$AEE$125,MATCH('FY-(26-27)Q2'!$K$2:$L$2,'SEP-2026'!$A$2:$EF$2,0),0),0) -> 155432 | L45: =IFERROR(VLOOKUP($A$3:$A$126,'SEP-2026'!$A$4:$AEE$125,MATCH('FY-(26-27)Q2'!$K$2:$L$2,'SEP-2026'!$A$2:$EF$2,0),0),0) -> 0.51810667 | M45: =G45+I45+K45 -> 44640 | N45: =H45+J45+L45 -> 0.1488
A46: PSW024 | B46: Piyush SWV0097 | C46: ATS_1518 | D46: Direction range | E46: NSEFO | F46: 3 | G46: =IFERROR(VLOOKUP($A$3:$A$126,'JULY-2026'!$A$4:$ACS$118,MATCH('FY-(26-27)Q2'!$G$2:$H$2,'JULY-2026'!$A$2:$CT$2,0),0),0) -> 64077 | H46: =IFERROR(VLOOKUP($A$3:$A$126,'JULY-2026'!$A$4:$ACS$118,MATCH('FY-(26-27)Q2'!$G$2:$H$2,'JULY-2026'!$A$2:$CT$2,0),0),0) -> 0.21359 | I46: =IFERROR(VLOOKUP($A$3:$A$126,'AUG-2026'!$A$4:$ADL$124,MATCH('FY-(26-27)Q2'!$I$2:$J$2,'AUG-2026'!$A$2:$DM$2,0),0),0) -> -103924 | J46: =IFERROR(VLOOKUP($A$3:$A$126,'AUG-2026'!$A$4:$ADL$124,MATCH('FY-(26-27)Q2'!$I$2:$J$2,'AUG-2026'!$A$2:$DM$2,0),0),0) -> -0.34641333 | K46: =IFERROR(VLOOKUP($A$3:$A$126,'SEP-2026'!$A$4:$AEE$125,MATCH('FY-(26-27)Q2'!$K$2:$L$2,'SEP-2026'!$A$2:$EF$2,0),0),0) -> 0 | L46: =IFERROR(VLOOKUP($A$3:$A$126,'SEP-2026'!$A$4:$AEE$125,MATCH('FY-(26-27)Q2'!$K$2:$L$2,'SEP-2026'!$A$2:$EF$2,0),0),0) -> 0 | M46: =G46+I46+K46 -> -39847 | N46: =H46+J46+L46 -> -0.13282333
A47: P3168 | B47: Prabjot singh | C47: ATS_1502 | D47: opton | E47: NSEFO | F47: 3 | G47: =IFERROR(VLOOKUP($A$3:$A$126,'JULY-2026'!$A$4:$ACS$118,MATCH('FY-(26-27)Q2'!$G$2:$H$2,'JULY-2026'!$A$2:$CT$2,0),0),0) -> 142838 | H47: =IFERROR(VLOOKUP($A$3:$A$126,'JULY-2026'!$A$4:$ACS$118,MATCH('FY-(26-27)Q2'!$G$2:$H$2,'JULY-2026'!$A$2:$CT$2,0),0),0) -> 0.47612667 | I47: =IFERROR(VLOOKUP($A$3:$A$126,'AUG-2026'!$A$4:$ADL$124,MATCH('FY-(26-27)Q2'!$I$2:$J$2,'AUG-2026'!$A$2:$DM$2,0),0),0) -> -111880 | J47: =IFERROR(VLOOKUP($A$3:$A$126,'AUG-2026'!$A$4:$ADL$124,MATCH('FY-(26-27)Q2'!$I$2:$J$2,'AUG-2026'!$A$2:$DM$2,0),0),0) -> -0.37293333 | K47: =IFERROR(VLOOKUP($A$3:$A$126,'SEP-2026'!$A$4:$AEE$125,MATCH('FY-(26-27)Q2'!$K$2:$L$2,'SEP-2026'!$A$2:$EF$2,0),0),0) -> 0 | L47: =IFERROR(VLOOKUP($A$3:$A$126,'SEP-2026'!$A$4:$AEE$125,MATCH('FY-(26-27)Q2'!$K$2:$L$2,'SEP-2026'!$A$2:$EF$2,0),0),0) -> 0 | M47: =G47+I47+K47 -> 30958 | N47: =H47+J47+L47 -> 0.10319333
A48: P3152 | B48: Rashil Khetan | C48: XTS29 | E48: NSEFO | F48: 0.1 | G48: =IFERROR(VLOOKUP($A$3:$A$126,'JULY-2026'!$A$4:$ACS$118,MATCH('FY-(26-27)Q2'!$G$2:$H$2,'JULY-2026'!$A$2:$CT$2,0),0),0) -> -12015 | H48: =IFERROR(VLOOKUP($A$3:$A$126,'JULY-2026'!$A$4:$ACS$118,MATCH('FY-(26-27)Q2'!$G$2:$H$2,'JULY-2026'!$A$2:$CT$2,0),0),0) -> -1.2015 | I48: =IFERROR(VLOOKUP($A$3:$A$126,'AUG-2026'!$A$4:$ADL$124,MATCH('FY-(26-27)Q2'!$I$2:$J$2,'AUG-2026'!$A$2:$DM$2,0),0),0) -> -4917 | J48: =IFERROR(VLOOKUP($A$3:$A$126,'AUG-2026'!$A$4:$ADL$124,MATCH('FY-(26-27)Q2'!$I$2:$J$2,'AUG-2026'!$A$2:$DM$2,0),0),0) -> -0.4917 | K48: =IFERROR(VLOOKUP($A$3:$A$126,'SEP-2026'!$A$4:$AEE$125,MATCH('FY-(26-27)Q2'!$K$2:$L$2,'SEP-2026'!$A$2:$EF$2,0),0),0) -> -3189 | L48: =IFERROR(VLOOKUP($A$3:$A$126,'SEP-2026'!$A$4:$AEE$125,MATCH('FY-(26-27)Q2'!$K$2:$L$2,'SEP-2026'!$A$2:$EF$2,0),0),0) -> -0.3189 | M48: =G48+I48+K48 -> -20121 | N48: =H48+J48+L48 -> -2.0121
A49: P3342 | B49: Raghav Tuli | C49: XTS20 | D49: Flaxi trade | E49: NSEFO | F49: 1 | G49: =IFERROR(VLOOKUP($A$3:$A$126,'JULY-2026'!$A$4:$ACS$118,MATCH('FY-(26-27)Q2'!$G$2:$H$2,'JULY-2026'!$A$2:$CT$2,0),0),0) -> 32060 | H49: =IFERROR(VLOOKUP($A$3:$A$126,'JULY-2026'!$A$4:$ACS$118,MATCH('FY-(26-27)Q2'!$G$2:$H$2,'JULY-2026'!$A$2:$CT$2,0),0),0) -> 0.3206 | I49: =IFERROR(VLOOKUP($A$3:$A$126,'AUG-2026'!$A$4:$ADL$124,MATCH('FY-(26-27)Q2'!$I$2:$J$2,'AUG-2026'!$A$2:$DM$2,0),0),0) -> 2268 | J49: =IFERROR(VLOOKUP($A$3:$A$126,'AUG-2026'!$A$4:$ADL$124,MATCH('FY-(26-27)Q2'!$I$2:$J$2,'AUG-2026'!$A$2:$DM$2,0),0),0) -> 0.04536 | K49: =IFERROR(VLOOKUP($A$3:$A$126,'SEP-2026'!$A$4:$AEE$125,MATCH('FY-(26-27)Q2'!$K$2:$L$2,'SEP-2026'!$A$2:$EF$2,0),0),0) -> -38360 | L49: =IFERROR(VLOOKUP($A$3:$A$126,'SEP-2026'!$A$4:$AEE$125,MATCH('FY-(26-27)Q2'!$K$2:$L$2,'SEP-2026'!$A$2:$EF$2,0),0),0) -> -0.7672 | M49: =G49+I49+K49 -> -4032 | N49: =H49+J49+L49 -> -0.40124
A50: P3082 | B50: Ramakar Jha | C50: ATS1012 | D50: CASH | E50: CASH | F50: 1 | G50: =IFERROR(VLOOKUP($A$3:$A$126,'JULY-2026'!$A$4:$ACS$118,MATCH('FY-(26-27)Q2'!$G$2:$H$2,'JULY-2026'!$A$2:$CT$2,0),0),0) -> 184217 | H50: =IFERROR(VLOOKUP($A$3:$A$126,'JULY-2026'!$A$4:$ACS$118,MATCH('FY-(26-27)Q2'!$G$2:$H$2,'JULY-2026'!$A$2:$CT$2,0),0),0) -> 1.84217 | I50: =IFERROR(VLOOKUP($A$3:$A$126,'AUG-2026'!$A$4:$ADL$124,MATCH('FY-(26-27)Q2'!$I$2:$J$2,'AUG-2026'!$A$2:$DM$2,0),0),0) -> 703157 | J50: =IFERROR(VLOOKUP($A$3:$A$126,'AUG-2026'!$A$4:$ADL$124,MATCH('FY-(26-27)Q2'!$I$2:$J$2,'AUG-2026'!$A$2:$DM$2,0),0),0) -> 7.03157 | K50: =IFERROR(VLOOKUP($A$3:$A$126,'SEP-2026'!$A$4:$AEE$125,MATCH('FY-(26-27)Q2'!$K$2:$L$2,'SEP-2026'!$A$2:$EF$2,0),0),0) -> -757828 | L50: =IFERROR(VLOOKUP($A$3:$A$126,'SEP-2026'!$A$4:$AEE$125,MATCH('FY-(26-27)Q2'!$K$2:$L$2,'SEP-2026'!$A$2:$EF$2,0),0),0) -> -7.57828 | M50: =G50+I50+K50 -> 129546 | N50: =H50+J50+L50 -> 1.29546
A51: P3433 | B51: Sanchit | C51: ATS_1528 | E51: NSEFO | F51: 0.1 | G51: =IFERROR(VLOOKUP($A$3:$A$126,'JULY-2026'!$A$4:$ACS$118,MATCH('FY-(26-27)Q2'!$G$2:$H$2,'JULY-2026'!$A$2:$CT$2,0),0),0) -> -4465 | H51: =IFERROR(VLOOKUP($A$3:$A$126,'JULY-2026'!$A$4:$ACS$118,MATCH('FY-(26-27)Q2'!$G$2:$H$2,'JULY-2026'!$A$2:$CT$2,0),0),0) -> -0.4465 | I51: =IFERROR(VLOOKUP($A$3:$A$126,'AUG-2026'!$A$4:$ADL$124,MATCH('FY-(26-27)Q2'!$I$2:$J$2,'AUG-2026'!$A$2:$DM$2,0),0),0) -> 919 | J51: =IFERROR(VLOOKUP($A$3:$A$126,'AUG-2026'!$A$4:$ADL$124,MATCH('FY-(26-27)Q2'!$I$2:$J$2,'AUG-2026'!$A$2:$DM$2,0),0),0) -> 0.0919 | K51: =IFERROR(VLOOKUP($A$3:$A$126,'SEP-2026'!$A$4:$AEE$125,MATCH('FY-(26-27)Q2'!$K$2:$L$2,'SEP-2026'!$A$2:$EF$2,0),0),0) -> 16837 | L51: =IFERROR(VLOOKUP($A$3:$A$126,'SEP-2026'!$A$4:$AEE$125,MATCH('FY-(26-27)Q2'!$K$2:$L$2,'SEP-2026'!$A$2:$EF$2,0),0),0) -> 1.6837 | M51: =G51+I51+K51 -> 13291 | N51: =H51+J51+L51 -> 1.3291
A52: P3048 | B52: Shahid | C52: XTS05 | D52: Shahid | E52: NSEFO | F52: 1 | G52: =IFERROR(VLOOKUP($A$3:$A$126,'JULY-2026'!$A$4:$ACS$118,MATCH('FY-(26-27)Q2'!$G$2:$H$2,'JULY-2026'!$A$2:$CT$2,0),0),0) -> 352978 | H52: =IFERROR(VLOOKUP($A$3:$A$126,'JULY-2026'!$A$4:$ACS$118,MATCH('FY-(26-27)Q2'!$G$2:$H$2,'JULY-2026'!$A$2:$CT$2,0),0),0) -> 1.1765933 | I52: =IFERROR(VLOOKUP($A$3:$A$126,'AUG-2026'!$A$4:$ADL$124,MATCH('FY-(26-27)Q2'!$I$2:$J$2,'AUG-2026'!$A$2:$DM$2,0),0),0) -> -361711 | J52: =IFERROR(VLOOKUP($A$3:$A$126,'AUG-2026'!$A$4:$ADL$124,MATCH('FY-(26-27)Q2'!$I$2:$J$2,'AUG-2026'!$A$2:$DM$2,0),0),0) -> -1.2057033 | K52: =IFERROR(VLOOKUP($A$3:$A$126,'SEP-2026'!$A$4:$AEE$125,MATCH('FY-(26-27)Q2'!$K$2:$L$2,'SEP-2026'!$A$2:$EF$2,0),0),0) -> 178985 | L52: =IFERROR(VLOOKUP($A$3:$A$126,'SEP-2026'!$A$4:$AEE$125,MATCH('FY-(26-27)Q2'!$K$2:$L$2,'SEP-2026'!$A$2:$EF$2,0),0),0) -> 0.59661667 | M52: =G52+I52+K52 -> 170252 | N52: =H52+J52+L52 -> 0.56750667
A53: P3335 | B53: Sajal Sharma | F53: 1 | G53: =IFERROR(VLOOKUP($A$3:$A$126,'JULY-2026'!$A$4:$ACS$118,MATCH('FY-(26-27)Q2'!$G$2:$H$2,'JULY-2026'!$A$2:$CT$2,0),0),0) -> -11154 | H53: =IFERROR(VLOOKUP($A$3:$A$126,'JULY-2026'!$A$4:$ACS$118,MATCH('FY-(26-27)Q2'!$G$2:$H$2,'JULY-2026'!$A$2:$CT$2,0),0),0) -> -0.11154 | I53: =IFERROR(VLOOKUP($A$3:$A$126,'AUG-2026'!$A$4:$ADL$124,MATCH('FY-(26-27)Q2'!$I$2:$J$2,'AUG-2026'!$A$2:$DM$2,0),0),0) -> -9015 | J53: =IFERROR(VLOOKUP($A$3:$A$126,'AUG-2026'!$A$4:$ADL$124,MATCH('FY-(26-27)Q2'!$I$2:$J$2,'AUG-2026'!$A$2:$DM$2,0),0),0) -> -0.09015 | K53: =IFERROR(VLOOKUP($A$3:$A$126,'SEP-2026'!$A$4:$AEE$125,MATCH('FY-(26-27)Q2'!$K$2:$L$2,'SEP-2026'!$A$2:$EF$2,0),0),0) -> 0 | L53: =IFERROR(VLOOKUP($A$3:$A$126,'SEP-2026'!$A$4:$AEE$125,MATCH('FY-(26-27)Q2'!$K$2:$L$2,'SEP-2026'!$A$2:$EF$2,0),0),0) -> 0 | M53: =G53+I53+K53 -> -20169 | N53: =H53+J53+L53 -> -0.20169
A54: P3208 | B54: Sajal Sharma | C54: ODIN | D54: BSEFO | E54: BSEFO | F54: 4 | G54: =IFERROR(VLOOKUP($A$3:$A$126,'JULY-2026'!$A$4:$ACS$118,MATCH('FY-(26-27)Q2'!$G$2:$H$2,'JULY-2026'!$A$2:$CT$2,0),0),0) -> 414410 | H54: =IFERROR(VLOOKUP($A$3:$A$126,'JULY-2026'!$A$4:$ACS$118,MATCH('FY-(26-27)Q2'!$G$2:$H$2,'JULY-2026'!$A$2:$CT$2,0),0),0) -> 1.036025 | I54: =IFERROR(VLOOKUP($A$3:$A$126,'AUG-2026'!$A$4:$ADL$124,MATCH('FY-(26-27)Q2'!$I$2:$J$2,'AUG-2026'!$A$2:$DM$2,0),0),0) -> 60792 | J54: =IFERROR(VLOOKUP($A$3:$A$126,'AUG-2026'!$A$4:$ADL$124,MATCH('FY-(26-27)Q2'!$I$2:$J$2,'AUG-2026'!$A$2:$DM$2,0),0),0) -> 0.15198 | K54: =IFERROR(VLOOKUP($A$3:$A$126,'SEP-2026'!$A$4:$AEE$125,MATCH('FY-(26-27)Q2'!$K$2:$L$2,'SEP-2026'!$A$2:$EF$2,0),0),0) -> -185329 | L54: =IFERROR(VLOOKUP($A$3:$A$126,'SEP-2026'!$A$4:$AEE$125,MATCH('FY-(26-27)Q2'!$K$2:$L$2,'SEP-2026'!$A$2:$EF$2,0),0),0) -> -0.4633225 | M54: =G54+I54+K54 -> 289873 | N54: =H54+J54+L54 -> 0.7246825
A55: P3119 | B55: Sajal Sharma | C55: ODIN | D55: NSE FO | E55: NSEFO | F55: 4 | G55: =IFERROR(VLOOKUP($A$3:$A$126,'JULY-2026'!$A$4:$ACS$118,MATCH('FY-(26-27)Q2'!$G$2:$H$2,'JULY-2026'!$A$2:$CT$2,0),0),0) -> 443915 | H55: =IFERROR(VLOOKUP($A$3:$A$126,'JULY-2026'!$A$4:$ACS$118,MATCH('FY-(26-27)Q2'!$G$2:$H$2,'JULY-2026'!$A$2:$CT$2,0),0),0) -> 1.1097875 | I55: =IFERROR(VLOOKUP($A$3:$A$126,'AUG-2026'!$A$4:$ADL$124,MATCH('FY-(26-27)Q2'!$I$2:$J$2,'AUG-2026'!$A$2:$DM$2,0),0),0) -> -101641 | J55: =IFERROR(VLOOKUP($A$3:$A$126,'AUG-2026'!$A$4:$ADL$124,MATCH('FY-(26-27)Q2'!$I$2:$J$2,'AUG-2026'!$A$2:$DM$2,0),0),0) -> -0.2541025 | K55: =IFERROR(VLOOKUP($A$3:$A$126,'SEP-2026'!$A$4:$AEE$125,MATCH('FY-(26-27)Q2'!$K$2:$L$2,'SEP-2026'!$A$2:$EF$2,0),0),0) -> -83905 | L55: =IFERROR(VLOOKUP($A$3:$A$126,'SEP-2026'!$A$4:$AEE$125,MATCH('FY-(26-27)Q2'!$K$2:$L$2,'SEP-2026'!$A$2:$EF$2,0),0),0) -> -0.2097625 | M55: =G55+I55+K55 -> 258369 | N55: =H55+J55+L55 -> 0.6459225
A56: P3417 | B56: Sourav | C56: XTS38 | E56: NSEFO | F56: 0.1 | G56: =IFERROR(VLOOKUP($A$3:$A$126,'JULY-2026'!$A$4:$ACS$118,MATCH('FY-(26-27)Q2'!$G$2:$H$2,'JULY-2026'!$A$2:$CT$2,0),0),0) -> 100 | H56: =IFERROR(VLOOKUP($A$3:$A$126,'JULY-2026'!$A$4:$ACS$118,MATCH('FY-(26-27)Q2'!$G$2:$H$2,'JULY-2026'!$A$2:$CT$2,0),0),0) -> 0 | I56: =IFERROR(VLOOKUP($A$3:$A$126,'AUG-2026'!$A$4:$ADL$124,MATCH('FY-(26-27)Q2'!$I$2:$J$2,'AUG-2026'!$A$2:$DM$2,0),0),0) -> -1035180 | J56: =IFERROR(VLOOKUP($A$3:$A$126,'AUG-2026'!$A$4:$ADL$124,MATCH('FY-(26-27)Q2'!$I$2:$J$2,'AUG-2026'!$A$2:$DM$2,0),0),0) -> -1.03518 | K56: =IFERROR(VLOOKUP($A$3:$A$126,'SEP-2026'!$A$4:$AEE$125,MATCH('FY-(26-27)Q2'!$K$2:$L$2,'SEP-2026'!$A$2:$EF$2,0),0),0) -> 72251 | L56: =IFERROR(VLOOKUP($A$3:$A$126,'SEP-2026'!$A$4:$AEE$125,MATCH('FY-(26-27)Q2'!$K$2:$L$2,'SEP-2026'!$A$2:$EF$2,0),0),0) -> 0.072251 | M56: =G56+I56+K56 -> -962829 | N56: =H56+J56+L56 -> -0.962929
B57: Sourav | C57: XTS31 | E57: NSEFO | G57: =IFERROR(VLOOKUP($A$3:$A$126,'JULY-2026'!$A$4:$ACS$118,MATCH('FY-(26-27)Q2'!$G$2:$H$2,'JULY-2026'!$A$2:$CT$2,0),0),0) -> 0 | H57: =IFERROR(VLOOKUP($A$3:$A$126,'JULY-2026'!$A$4:$ACS$118,MATCH('FY-(26-27)Q2'!$G$2:$H$2,'JULY-2026'!$A$2:$CT$2,0),0),0) -> 0 | I57: =IFERROR(VLOOKUP($A$3:$A$126,'AUG-2026'!$A$4:$ADL$124,MATCH('FY-(26-27)Q2'!$I$2:$J$2,'AUG-2026'!$A$2:$DM$2,0),0),0) -> 0 | J57: =IFERROR(VLOOKUP($A$3:$A$126,'AUG-2026'!$A$4:$ADL$124,MATCH('FY-(26-27)Q2'!$I$2:$J$2,'AUG-2026'!$A$2:$DM$2,0),0),0) -> 0 | K57: =IFERROR(VLOOKUP($A$3:$A$126,'SEP-2026'!$A$4:$AEE$125,MATCH('FY-(26-27)Q2'!$K$2:$L$2,'SEP-2026'!$A$2:$EF$2,0),0),0) -> 0 | L57: =IFERROR(VLOOKUP($A$3:$A$126,'SEP-2026'!$A$4:$AEE$125,MATCH('FY-(26-27)Q2'!$K$2:$L$2,'SEP-2026'!$A$2:$EF$2,0),0),0) -> 0 | M57: =G57+I57+K57 -> 0 | N57: =H57+J57+L57 -> 0
A58: P3360 | B58: Vidhya sagar | C58: XTS07 | D58: Vidhya sagar | E58: NSEFO | F58: 0.5 | G58: =IFERROR(VLOOKUP($A$3:$A$126,'JULY-2026'!$A$4:$ACS$118,MATCH('FY-(26-27)Q2'!$G$2:$H$2,'JULY-2026'!$A$2:$CT$2,0),0),0) -> -27103 | H58: =IFERROR(VLOOKUP($A$3:$A$126,'JULY-2026'!$A$4:$ACS$118,MATCH('FY-(26-27)Q2'!$G$2:$H$2,'JULY-2026'!$A$2:$CT$2,0),0),0) -> -0.54206 | I58: =IFERROR(VLOOKUP($A$3:$A$126,'AUG-2026'!$A$4:$ADL$124,MATCH('FY-(26-27)Q2'!$I$2:$J$2,'AUG-2026'!$A$2:$DM$2,0),0),0) -> -7192 | J58: =IFERROR(VLOOKUP($A$3:$A$126,'AUG-2026'!$A$4:$ADL$124,MATCH('FY-(26-27)Q2'!$I$2:$J$2,'AUG-2026'!$A$2:$DM$2,0),0),0) -> -0.14384 | K58: =IFERROR(VLOOKUP($A$3:$A$126,'SEP-2026'!$A$4:$AEE$125,MATCH('FY-(26-27)Q2'!$K$2:$L$2,'SEP-2026'!$A$2:$EF$2,0),0),0) -> 11064 | L58: =IFERROR(VLOOKUP($A$3:$A$126,'SEP-2026'!$A$4:$AEE$125,MATCH('FY-(26-27)Q2'!$K$2:$L$2,'SEP-2026'!$A$2:$EF$2,0),0),0) -> 0.22128 | M58: =G58+I58+K58 -> -23231 | N58: =H58+J58+L58 -> -0.46462
A59: P3385 | B59: Vikas Gupta | C59: XTS13 | D59: Vikas Gupta | E59: NSEFO | F59: 5 | G59: =IFERROR(VLOOKUP($A$3:$A$126,'JULY-2026'!$A$4:$ACS$118,MATCH('FY-(26-27)Q2'!$G$2:$H$2,'JULY-2026'!$A$2:$CT$2,0),0),0) -> 877125 | H59: =IFERROR(VLOOKUP($A$3:$A$126,'JULY-2026'!$A$4:$ACS$118,MATCH('FY-(26-27)Q2'!$G$2:$H$2,'JULY-2026'!$A$2:$CT$2,0),0),0) -> 2.1928125 | I59: =IFERROR(VLOOKUP($A$3:$A$126,'AUG-2026'!$A$4:$ADL$124,MATCH('FY-(26-27)Q2'!$I$2:$J$2,'AUG-2026'!$A$2:$DM$2,0),0),0) -> 66819 | J59: =IFERROR(VLOOKUP($A$3:$A$126,'AUG-2026'!$A$4:$ADL$124,MATCH('FY-(26-27)Q2'!$I$2:$J$2,'AUG-2026'!$A$2:$DM$2,0),0),0) -> 0.10279846 | K59: =IFERROR(VLOOKUP($A$3:$A$126,'SEP-2026'!$A$4:$AEE$125,MATCH('FY-(26-27)Q2'!$K$2:$L$2,'SEP-2026'!$A$2:$EF$2,0),0),0) -> -896823 | L59: =IFERROR(VLOOKUP($A$3:$A$126,'SEP-2026'!$A$4:$AEE$125,MATCH('FY-(26-27)Q2'!$K$2:$L$2,'SEP-2026'!$A$2:$EF$2,0),0),0) -> -1.3797277 | M59: =G59+I59+K59 -> 47121 | N59: =H59+J59+L59 -> 0.91588327
A60: P3386 | B60: Vikas Gupta | C60: XTS15 | D60: Vikas Gupta | E60: NSEFO | F60: 1 | G60: =IFERROR(VLOOKUP($A$3:$A$126,'JULY-2026'!$A$4:$ACS$118,MATCH('FY-(26-27)Q2'!$G$2:$H$2,'JULY-2026'!$A$2:$CT$2,0),0),0) -> 209019 | H60: =IFERROR(VLOOKUP($A$3:$A$126,'JULY-2026'!$A$4:$ACS$118,MATCH('FY-(26-27)Q2'!$G$2:$H$2,'JULY-2026'!$A$2:$CT$2,0),0),0) -> 1.672152 | I60: =IFERROR(VLOOKUP($A$3:$A$126,'AUG-2026'!$A$4:$ADL$124,MATCH('FY-(26-27)Q2'!$I$2:$J$2,'AUG-2026'!$A$2:$DM$2,0),0),0) -> -25761 | J60: =IFERROR(VLOOKUP($A$3:$A$126,'AUG-2026'!$A$4:$ADL$124,MATCH('FY-(26-27)Q2'!$I$2:$J$2,'AUG-2026'!$A$2:$DM$2,0),0),0) -> -0.206088 | K60: =IFERROR(VLOOKUP($A$3:$A$126,'SEP-2026'!$A$4:$AEE$125,MATCH('FY-(26-27)Q2'!$K$2:$L$2,'SEP-2026'!$A$2:$EF$2,0),0),0) -> -158276 | L60: =IFERROR(VLOOKUP($A$3:$A$126,'SEP-2026'!$A$4:$AEE$125,MATCH('FY-(26-27)Q2'!$K$2:$L$2,'SEP-2026'!$A$2:$EF$2,0),0),0) -> -1.266208 | M60: =G60+I60+K60 -> 24982 | N60: =H60+J60+L60 -> 0.199856
A61: P3110 | B61: Varun tondan | C61: XTS36 | D61: Varun tondan | E61: NSEFO | F61: 2.5 | G61: =IFERROR(VLOOKUP($A$3:$A$126,'JULY-2026'!$A$4:$ACS$118,MATCH('FY-(26-27)Q2'!$G$2:$H$2,'JULY-2026'!$A$2:$CT$2,0),0),0) -> 964481 | H61: =IFERROR(VLOOKUP($A$3:$A$126,'JULY-2026'!$A$4:$ACS$118,MATCH('FY-(26-27)Q2'!$G$2:$H$2,'JULY-2026'!$A$2:$CT$2,0),0),0) -> 3.2149367 | I61: =IFERROR(VLOOKUP($A$3:$A$126,'AUG-2026'!$A$4:$ADL$124,MATCH('FY-(26-27)Q2'!$I$2:$J$2,'AUG-2026'!$A$2:$DM$2,0),0),0) -> -260408 | J61: =IFERROR(VLOOKUP($A$3:$A$126,'AUG-2026'!$A$4:$ADL$124,MATCH('FY-(26-27)Q2'!$I$2:$J$2,'AUG-2026'!$A$2:$DM$2,0),0),0) -> -0.86802667 | K61: =IFERROR(VLOOKUP($A$3:$A$126,'SEP-2026'!$A$4:$AEE$125,MATCH('FY-(26-27)Q2'!$K$2:$L$2,'SEP-2026'!$A$2:$EF$2,0),0),0) -> -164387 | L61: =IFERROR(VLOOKUP($A$3:$A$126,'SEP-2026'!$A$4:$AEE$125,MATCH('FY-(26-27)Q2'!$K$2:$L$2,'SEP-2026'!$A$2:$EF$2,0),0),0) -> -0.54795667 | M61: =G61+I61+K61 -> 539686 | N61: =H61+J61+L61 -> 1.7989533
A62: P3113 | B62: Vaishali | C62: S1507 | D62: Vaishali | E62: NSEFO | F62: 1.5 | G62: =IFERROR(VLOOKUP($A$3:$A$126,'JULY-2026'!$A$4:$ACS$118,MATCH('FY-(26-27)Q2'!$G$2:$H$2,'JULY-2026'!$A$2:$CT$2,0),0),0) -> -35194 | H62: =IFERROR(VLOOKUP($A$3:$A$126,'JULY-2026'!$A$4:$ACS$118,MATCH('FY-(26-27)Q2'!$G$2:$H$2,'JULY-2026'!$A$2:$CT$2,0),0),0) -> -0.140776 | I62: =IFERROR(VLOOKUP($A$3:$A$126,'AUG-2026'!$A$4:$ADL$124,MATCH('FY-(26-27)Q2'!$I$2:$J$2,'AUG-2026'!$A$2:$DM$2,0),0),0) -> -77942 | J62: =IFERROR(VLOOKUP($A$3:$A$126,'AUG-2026'!$A$4:$ADL$124,MATCH('FY-(26-27)Q2'!$I$2:$J$2,'AUG-2026'!$A$2:$DM$2,0),0),0) -> -0.311768 | K62: =IFERROR(VLOOKUP($A$3:$A$126,'SEP-2026'!$A$4:$AEE$125,MATCH('FY-(26-27)Q2'!$K$2:$L$2,'SEP-2026'!$A$2:$EF$2,0),0),0) -> 0 | L62: =IFERROR(VLOOKUP($A$3:$A$126,'SEP-2026'!$A$4:$AEE$125,MATCH('FY-(26-27)Q2'!$K$2:$L$2,'SEP-2026'!$A$2:$EF$2,0),0),0) -> 0 | M62: =G62+I62+K62 -> -113136 | N62: =H62+J62+L62 -> -0.452544
A63: P3432 | B63: Umesh Sukija | C63: ATS_1527 | E63: NSEFO | F63: 0.25 | G63: =IFERROR(VLOOKUP($A$3:$A$126,'JULY-2026'!$A$4:$ACS$118,MATCH('FY-(26-27)Q2'!$G$2:$H$2,'JULY-2026'!$A$2:$CT$2,0),0),0) -> -2506 | H63: =IFERROR(VLOOKUP($A$3:$A$126,'JULY-2026'!$A$4:$ACS$118,MATCH('FY-(26-27)Q2'!$G$2:$H$2,'JULY-2026'!$A$2:$CT$2,0),0),0) -> -0.10024 | I63: =IFERROR(VLOOKUP($A$3:$A$126,'AUG-2026'!$A$4:$ADL$124,MATCH('FY-(26-27)Q2'!$I$2:$J$2,'AUG-2026'!$A$2:$DM$2,0),0),0) -> 82671 | J63: =IFERROR(VLOOKUP($A$3:$A$126,'AUG-2026'!$A$4:$ADL$124,MATCH('FY-(26-27)Q2'!$I$2:$J$2,'AUG-2026'!$A$2:$DM$2,0),0),0) -> 0.55114 | K63: =IFERROR(VLOOKUP($A$3:$A$126,'SEP-2026'!$A$4:$AEE$125,MATCH('FY-(26-27)Q2'!$K$2:$L$2,'SEP-2026'!$A$2:$EF$2,0),0),0) -> 11400 | L63: =IFERROR(VLOOKUP($A$3:$A$126,'SEP-2026'!$A$4:$AEE$125,MATCH('FY-(26-27)Q2'!$K$2:$L$2,'SEP-2026'!$A$2:$EF$2,0),0),0) -> 0.076 | M63: =G63+I63+K63 -> 91565 | N63: =H63+J63+L63 -> 0.5269
A64: P3415 | B64: Umesh Sukija | C64: XTS40 | E64: NSEFO/BSEFO | F64: 5 | G64: =IFERROR(VLOOKUP($A$3:$A$126,'JULY-2026'!$A$4:$ACS$118,MATCH('FY-(26-27)Q2'!$G$2:$H$2,'JULY-2026'!$A$2:$CT$2,0),0),0) -> 273147 | H64: =IFERROR(VLOOKUP($A$3:$A$126,'JULY-2026'!$A$4:$ACS$118,MATCH('FY-(26-27)Q2'!$G$2:$H$2,'JULY-2026'!$A$2:$CT$2,0),0),0) -> 0.546294 | I64: =IFERROR(VLOOKUP($A$3:$A$126,'AUG-2026'!$A$4:$ADL$124,MATCH('FY-(26-27)Q2'!$I$2:$J$2,'AUG-2026'!$A$2:$DM$2,0),0),0) -> 216258 | J64: =IFERROR(VLOOKUP($A$3:$A$126,'AUG-2026'!$A$4:$ADL$124,MATCH('FY-(26-27)Q2'!$I$2:$J$2,'AUG-2026'!$A$2:$DM$2,0),0),0) -> 0.432516 | K64: =IFERROR(VLOOKUP($A$3:$A$126,'SEP-2026'!$A$4:$AEE$125,MATCH('FY-(26-27)Q2'!$K$2:$L$2,'SEP-2026'!$A$2:$EF$2,0),0),0) -> 1448 | L64: =IFERROR(VLOOKUP($A$3:$A$126,'SEP-2026'!$A$4:$AEE$125,MATCH('FY-(26-27)Q2'!$K$2:$L$2,'SEP-2026'!$A$2:$EF$2,0),0),0) -> 0.002896 | M64: =G64+I64+K64 -> 490853 | N64: =H64+J64+L64 -> 0.981706
G65: =SUM(G4:G62) -> 17424940 | I65: =SUM(I4:I62) -> -5673893 | K65: =SUM(K4:K62) -> -8346235 | M65: =SUM(M4:M62) -> 3404812
G67: APR | H67: APR ROI | I67: MAY | J67: MAY ROI | K67: JUN | L67: JUN ROI | M67: Q 2 | N67: ROI Q2
A69: P3361 | B69: Nishaanth | C69: ATS | G69: =IFERROR(VLOOKUP($A$3:$A$126,'JULY-2026'!$A$4:$ACS$118,MATCH('FY-(26-27)Q2'!$G$2:$H$2,'JULY-2026'!$A$2:$CT$2,0),0),0) -> 614980 | H69: =IFERROR(VLOOKUP($A$3:$A$126,'JULY-2026'!$A$4:$ACS$118,MATCH('FY-(26-27)Q2'!$G$2:$H$2,'JULY-2026'!$A$2:$CT$2,0),0),0) -> 2.0499333 | I69: =IFERROR(VLOOKUP($A$3:$A$126,'AUG-2026'!$A$4:$ADL$124,MATCH('FY-(26-27)Q2'!$I$2:$J$2,'AUG-2026'!$A$2:$DM$2,0),0),0) -> 71530 | J69: =IFERROR(VLOOKUP($A$3:$A$126,'AUG-2026'!$A$4:$ADL$124,MATCH('FY-(26-27)Q2'!$I$2:$J$2,'AUG-2026'!$A$2:$DM$2,0),0),0) -> 0.23843333 | K69: =IFERROR(VLOOKUP($A$3:$A$126,'SEP-2026'!$A$4:$AEE$125,MATCH('FY-(26-27)Q2'!$K$2:$L$2,'SEP-2026'!$A$2:$EF$2,0),0),0) -> -978681 | L69: =IFERROR(VLOOKUP($A$3:$A$126,'SEP-2026'!$A$4:$AEE$125,MATCH('FY-(26-27)Q2'!$K$2:$L$2,'SEP-2026'!$A$2:$EF$2,0),0),0) -> -3.26227 | M69: =G69+I69+K69 -> -292171 | N69: =H69+J69+L69 -> -0.97390333
A70: P3354 | B70: Sahil Rathore | C70: ATS | D70: self | E70: NSEFO | G70: =IFERROR(VLOOKUP($A$3:$A$126,'JULY-2026'!$A$4:$ACS$118,MATCH('FY-(26-27)Q2'!$G$2:$H$2,'JULY-2026'!$A$2:$CT$2,0),0),0) -> 971446 | H70: =IFERROR(VLOOKUP($A$3:$A$126,'JULY-2026'!$A$4:$ACS$118,MATCH('FY-(26-27)Q2'!$G$2:$H$2,'JULY-2026'!$A$2:$CT$2,0),0),0) -> 0 | I70: =IFERROR(VLOOKUP($A$3:$A$126,'AUG-2026'!$A$4:$ADL$124,MATCH('FY-(26-27)Q2'!$I$2:$J$2,'AUG-2026'!$A$2:$DM$2,0),0),0) -> 197439 | J70: =IFERROR(VLOOKUP($A$3:$A$126,'AUG-2026'!$A$4:$ADL$124,MATCH('FY-(26-27)Q2'!$I$2:$J$2,'AUG-2026'!$A$2:$DM$2,0),0),0) -> 0 | K70: =IFERROR(VLOOKUP($A$3:$A$126,'SEP-2026'!$A$4:$AEE$125,MATCH('FY-(26-27)Q2'!$K$2:$L$2,'SEP-2026'!$A$2:$EF$2,0),0),0) -> -149794 | L70: =IFERROR(VLOOKUP($A$3:$A$126,'SEP-2026'!$A$4:$AEE$125,MATCH('FY-(26-27)Q2'!$K$2:$L$2,'SEP-2026'!$A$2:$EF$2,0),0),0) -> 0 | M70: =G70+I70+K70 -> 1019091 | N70: =H70+J70+L70 -> 0
G71: =SUM(G69:G70) -> 1586426 | I71: =SUM(I69:I70) -> 268969 | K71: =SUM(K69:K70) -> -1128475 | M71: =SUM(M69:M70) -> 726920

Sheet JUNE-2026
H2: 46174 | I2: 46175 | J2: 46176 | K2: 46177 | L2: 46178 | M2: 46181 | N2: 46182 | O2: 46183 | P2: 46184 | Q2: 46185 | R2: 46188 | S2: 46189 | T2: 46190 | U2: 46191 | V2: 46192 | W2: 46195 | X2: 46196 | Y2: 46197 | Z2: 46198 | AA2: 46202 | AB2: 46203 | AD2: JUNE | AE2: JUNE ROI
A3: CODE | B3: NAME | C3: ID | D3: STRATEGY | E3: SEGMENT | F3: FUND | H3: MON | I3: TUE | J3: WED | K3: THU | L3: FRI | M3: MON | N3: TUE | O3: WED | P3: THU | Q3: FRI | R3: MON | S3: TUE | T3: WED | U3: THU | V3: FRI | W3: MON | X3: TUE | Y3: WED | Z3: THU | AA3: MON | AB3: TUE | AL3: OPT | AM3: 13780
A4: P2881 | B4: Abhishek_1 | C4: ATS1009 | D4: COSMOS | E4: NSEFO | F4: 3 | H4: 0 | I4: -83000 | J4: 0 | K4: 1000 | L4: 0 | M4: 0 | N4: 85000 | O4: 0 | P4: 47000 | Q4: 0 | R4: 0 | S4: 0 | T4: 0 | U4: 0 | V4: 0 | W4: 0 | X4: 0 | Y4: 0 | Z4: 0 | AA4: 0 | AB4: 0 | AD4: =SUM(H4:AB4) -> 50000 | AE4: =IFERROR(AD4/F4*100,0)/10000000 -> 0.16666667 | AL4: FUTURE EXP | AM4: 2865
A5: P3389 | B5: Abdul | C5: XTS09 | D5: ATR-Strangle | E5: NSEFO | F5: 0.5 | H5: 8939 | I5: -4051 | J5: -13303 | K5: 9600 | L5: 1000 | M5: 1720 | N5: 3626 | O5: -11950 | P5: -22163 | Q5: -17418 | R5: -200 | S5: -32289 | T5: 0 | U5: 0 | V5: 7419 | W5: -14375 | X5: 9443 | Y5: -2153 | Z5: 50444 | AA5: 5694 | AB5: 16502 | AD5: =SUM(H5:AB5) -> -3515 | AE5: =IFERROR(AD5/F5*100,0)/10000000 -> -0.0703
A6: P2951 | B6: Aman 20-60 | C6: XTS01 | D6: 20_60 | E6: NSEFO | F6: 3 | H6: 25194 | I6: -30619 | J6: -28000 | K6: 25135 | L6: 0 | M6: 145797 | N6: 82881 | O6: 101420 | P6: 0 | Q6: 0 | R6: 111750 | S6: 50835 | T6: 102334 | U6: 92071 | V6: 197494 | W6: 163765 | X6: -89294 | Y6: -195235 | Z6: -57000 | AA6: 73800 | AB6: 0 | AD6: =SUM(H6:AB6) -> 772328 | AE6: =IFERROR(AD6/F6*100,0)/10000000 -> 2.5744267 | AH6: -3159
A7: P3166 | B7: Aman Dohre | C7: XTS03 | D7: MACD/Direction | E7: NSEFO | F7: 3 | H7: 94601 | I7: -306910 | J7: 13873 | K7: -31085 | L7: -28000 | M7: -49174 | N7: 91710 | O7: -17722 | P7: -92592 | Q7: 23371 | R7: -71029 | S7: -65368 | T7: 0 | U7: 351 | V7: -100 | W7: 0 | X7: 0 | Y7: 300 | Z7: 0 | AA7: -50 | AB7: 0 | AD7: =SUM(H7:AB7) -> -437824 | AE7: =IFERROR(AD7/F7*100,0)/10000000 -> -1.4594133 | AG7: 435389
A8: P3390 | B8: Aman Dohre | C8: XTS34 | D8: NSE FO | E8: NSEFO | F8: 1.5 | H8: 0 | I8: -1734 | J8: 0 | K8: 0 | L8: 0 | M8: 0 | N8: 0 | O8: 100 | P8: -6472 | Q8: -100 | R8: -500 | S8: -50 | T8: -4348 | U8: 25992 | V8: 7121 | W8: 14211 | X8: 92172 | Y8: 51810 | Z8: -68989 | AA8: -43738 | AB8: -65340 | AD8: =SUM(H8:AB8) -> 135 | AE8: =IFERROR(AD8/F8*100,0)/10000000 -> 0.0009 | AG8: 432230 | AH8: =(AG8+AG7)/10000000*13780 -> 1195.579
A9: P3117 | B9: Ansh Aggarwal | C9: ATS_1007 | D9: Falcon | E9: NSEFO | F9: 15 | H9: 0 | I9: -320000 | J9: 3000 | K9: 27286 | L9: 11580 | M9: -7900 | N9: 367560 | O9: -1482 | P9: -259130 | Q9: 0 | R9: -3800 | S9: 54845 | T9: 570 | U9: -227550 | V9: 183 | W9: 22810 | X9: -133161 | Y9: -100 | Z9: -158544 | AA9: -140500 | AB9: -23400 | AD9: =SUM(H9:AB9) -> -787733 | AE9: =IFERROR(AD9/F9*100,0)/10000000 -> -0.52515533
A10: P3323_1 | B10: Amit&Kartik | C10: XTS35 | D10: Strangle/Spread | E10: NSEFO | F10: 6 | H10: 44126 | I10: 60260 | J10: -5300 | K10: 25170 | L10: -100 | M10: 15016 | N10: 239060 | O10: -9189 | P10: 190120 | Q10: 0 | R10: -67335 | S10: 102798 | T10: 7361 | U10: -77569 | V10: 0 | W10: 53214 | X10: -227588 | Y10: 500 | Z10: -15326 | AA10: -60108 | AB10: -198745 | AD10: =SUM(H10:AB10) -> 76365 | AE10: =IFERROR(AD10/F10*100,0)/10000000 -> 0.127275
A11: P2827 | B11: Bharat | C11: UT | D11: ETF | E11: CASH | F11: 1 | H11: -1254 | I11: 467 | J11: -100 | K11: 100 | L11: 0 | M11: -1533 | N11: 814 | O11: -485 | P11: 424 | Q11: 6682 | R11: 6230 | S11: -753 | T11: -740 | U11: -2421 | V11: -4731 | W11: 2388 | X11: -5726 | Y11: -1212 | Z11: -2697 | AA11: 281 | AB11: 1614 | AD11: =SUM(H11:AB11) -> -2652 | AE11: =IFERROR(AD11/F11*100,0)/10000000 -> -0.02652
A12: P3090 | B12: Bharat | C12: XTS04 | D12: STRADDLE | E12: NSEFO | F12: 1 | H12: -50911 | I12: -17234 | J12: 0 | K12: -76944 | L12: 0 | M12: -12534 | N12: 6437 | O12: 0 | P12: -41945 | Q12: 0 | R12: 0 | S12: 13270 | T12: -337 | U12: 4161 | V12: 3283 | W12: 25688 | X12: -46738 | Y12: -24040 | Z12: -23171 | AA12: -45017 | AB12: 53845 | AD12: =SUM(H12:AB12) -> -232187 | AE12: =IFERROR(AD12/F12*100,0)/10000000 -> -2.32187
A13: P2777 | B13: Yogesh kumar | C13: S1503 | D13: STRADDLE | E13: NSEFO | F13: 1 | H13: -4875 | I13: -57778 | J13: 0 | K13: -8984 | L13: 0 | M13: 0 | N13: 0 | O13: 0 | P13: 0 | Q13: 0 | R13: 0 | S13: 0 | T13: 0 | U13: 0 | V13: 0 | W13: 0 | X13: 0 | Y13: 0 | Z13: 0 | AA13: 0 | AB13: 0 | AD13: =SUM(H13:AB13) -> -71637 | AE13: =IFERROR(AD13/F13*100,0)/10000000 -> -0.71637 | AH13: =AH6-AH8 -> -4354.579
A14: P3196 | B14: Bharat Munjal(B | C14: ATS_1505 | D14: STRADDLE | E14: BSEFO | F14: 1 | H14: 0 | I14: 0 | J14: 0 | K14: 0 | L14: 0 | M14: 0 | N14: 0 | O14: 1410 | P14: -9460 | Q14: 0 | R14: 0 | S14: -6152 | T14: 0 | U14: 5639 | V14: 0 | W14: 0 | X14: 0 | Y14: 0 | Z14: -300 | AA14: 0 | AB14: 0 | AD14: =SUM(H14:AB14) -> -8863 | AE14: =IFERROR(AD14/F14*100,0)/10000000 -> -0.08863
A15: P3079 | B15: Yogesh | C15: UT | D15: ETF | E15: CASH | F15: 1 | H15: -13796 | I15: 16490 | J15: -11009 | K15: 4924 | L15: -1147 | M15: -24442 | N15: 17984 | O15: -13902 | P15: -9243 | Q15: 43268 | R15: 33186 | S15: 4785 | T15: 10432 | U15: 1058 | V15: -9988 | W15: 11386 | X15: -26568 | Y15: 4715 | Z15: -4931 | AA15: -1946 | AB15: -757 | AD15: =SUM(H15:AB15) -> 30499 | AE15: =IFERROR(AD15/F15*100,0)/10000000 -> 0.30499
A16: P2826 | B16: Bharat | C16: ATS_1507 | D16: STRADDLE | E16: NSEFO | F16: 1 | H16: 0 | I16: -7000 | J16: 0 | K16: -3000 | L16: 0 | M16: 0 | N16: 0 | O16: -2215 | P16: 0 | Q16: 0 | R16: 0 | S16: 0 | T16: -4255 | U16: -9800 | V16: 0 | W16: 0 | X16: 0 | Y16: 0 | Z16: 0 | AA16: 0 | AB16: 0 | AD16: =SUM(H16:AB16) -> -26270 | AE16: =IFERROR(AD16/F16*100,0)/10000000 -> -0.2627
A17: P2954_2 | B17: Bharat Munjal | C17: S1515 | D17: STRADDLE | E17: NSEFO | F17: 1 | H17: 0 | I17: 0 | J17: 0 | K17: 0 | L17: -1300 | M17: -100 | N17: 9614 | O17: 0 | P17: 17719 | Q17: 0 | R17: 0 | S17: -15553 | T17: 0 | U17: -4618 | V17: 0 | W17: 0 | X17: 0 | Y17: 0 | Z17: 0 | AA17: 0 | AB17: 0 | AD17: =SUM(H17:AB17) -> 5762 | AE17: =IFERROR(AD17/F17*100,0)/10000000 -> 0.05762
A18: P2817 | B18: DK Sir_M | C18: S1504 | D18: Maximum | E18: NSEFO | F18: 2.5 | H18: -1029 | I18: -40083 | J18: 0 | K18: -112512 | L18: 0 | M18: 0 | N18: 440 | O18: -130131 | P18: 27851 | Q18: 0 | R18: 0 | S18: 41158 | T18: 37225 | U18: -85472 | V18: -80617 | W18: 58060 | X18: 163963 | Y18: 22655 | Z18: 0 | AA18: 68357 | AB18: 0 | AD18: =SUM(H18:AB18) -> -30135 | AE18: =IFERROR(AD18/F18*100,0)/10000000 -> -0.12054
A19: P2792 | B19: DK Sir_T | C19: S1502 | D19: ThanosNF | E19: NSEFO | F19: 4 | H19: 333357 | I19: 51478 | J19: 0 | K19: -115563 | L19: 0 | M19: 0 | N19: -17570 | O19: 61225 | P19: -63750 | Q19: 0 | R19: 0 | S19: 7535 | T19: 64000 | U19: -26121 | V19: 9046 | W19: 78344 | X19: 149982 | Y19: 49581 | Z19: 0 | AA19: -25253 | AB19: 0 | AD19: =SUM(H19:AB19) -> 556291 | AE19: =IFERROR(AD19/F19*100,0)/10000000 -> 1.3907275
A20: P3398 | B20: Himansu Pal | C20: XTS31 | D20: SELF | E20: NSEFO | F20: 0.5 | T20: 240 | U20: 0 | V20: 2995 | W20: 4471 | X20: -25458 | Y20: -27390 | Z20: 21493 | AA20: 21055 | AB20: -31144 | AD20: =SUM(H20:AB20) -> -33738 | AE20: =IFERROR(AD20/F20*100,0)/10000000 -> -0.67476
